"plant","num_leaf_segments","num_uninfected","perc_infected","blackSpore","Undifilum","unk_infections","notAlfuInfected","morphospecies_not_counting_Undifilum","notes","startCulturedate","endCultureDate","Height","Width","Length","Flowering.","Weight.mg.","d15N....vs..air.","wt...N","d13C....vs..VPDB.","wt...C","percN","percC","m1","m2","m3","a1","a2","a3","m4","a4","X","treament","status","DateFlowering","DateFruiting","width","height","length","vol","X.Fl_Stems_atCollectionTime","X.Fl_stemsEndOfYear","X.LeavesCollection","X.LeavesEndofYear","lvs_with_herbivory","lvs_with_fungus","blackdotFungusPresence","leafarea_avg","sla_1","sla_2","sla_3","sla_4","sla_avg","ndfa","tube_before","tube_after","sample_mg","Calculated.amount","top","bottom","X..Swainsonine","treatment_failed"
1,NA,NA,NA,NA,NA,NA,NA,NA,NA,NA,NA,9,20,19,"",3.738,1.53,3.09,-30.14,42.47,0.826645264847512,11.3616907437132,NA,NA,NA,NA,NA,NA,NA,NA,NA,"treated_plus","good",NA,NA,19,12,14,NA,NA,NA,15,NA,0,NA,"",NA,NA,NA,NA,NA,NA,48.5215053763441,1285.68,1324.16,38.48,"NF","#VALUE!",7696,0,"no"
2,12,12,0,NA,0,NA,0,NA,"","9/16/17","10/28/17",8,9,8,"",3.568,2.17,2.86,-29.83,43.88,0.801569506726457,12.2982062780269,3.22,3.6,3.57,0.38,0.411,0.374,NA,NA,"","treated_plus","good",NA,NA,8,7,7,NA,NA,NA,3,NA,NA,NA,"",0.54125,0.118012422360248,0.114166666666667,0.104761904761905,NA,0.112313664596273,39.9193548387097,1312.32,1357.3,44.98,"NF","#VALUE!",8996,0,"no"
3,12,12,0,NA,0,NA,0,NA,"","9/16/17","10/28/17",7,11,9,"",NA,2.285,NA,-30.065,NA,0.679600474586036,12.0494882138732,4.39,3.74,3.81,0.429,0.487,0.477,NA,NA,"","untreated_neg","good",NA,NA,13,7,7,NA,NA,NA,6,NA,NA,NA,"",0.59825,0.0977220956719818,0.130213903743315,0.125196850393701,NA,0.117710949936333,38.3736559139785,1297.99,1337.58,39.59,"0.031","0.04625946",7918,0.001,"no"
4,12,12,0,NA,0,NA,0,NA,"","9/16/17","10/28/17",26,54,51,"y",NA,NA,NA,NA,NA,NA,NA,2.6,4.32,4.12,0.377,0.355,0.453,NA,NA,"","untreated_neg","good",NA,NA,50,16,36,NA,5,NA,128,NA,4,20,"",0.54625,0.145,0.0821759259259259,0.10995145631068,NA,0.112375794078869,NA,NA,NA,NA,NA,NA,NA,NA,"no"
5,10,10,0,NA,0,NA,0,NA,"","9/16/17","10/28/17",10,18,11,"",3.877,1.81,2.46,-29.94,43.09,0.634511220015476,11.1142636058808,4.25,3.71,3.57,0.374,0.349,0.446,NA,NA,"","untreated_plus","good",NA,NA,15,10,13,NA,NA,NA,8,NA,2,1,"",0.54225,0.088,0.0940700808625337,0.124929971988796,NA,0.102333350950443,44.758064516129,1249.83,1303.69,53.86,"0.022","0.03264424",10772,0,"no"
6,15,15,0,NA,0,NA,0,NA,"","9/16/17","10/28/17",12,24,20,"",3.925,1.38,1.91,-30.81,40.3,0.486624203821656,10.2675159235669,2.96,5.47,NA,0.247,0.504,NA,NA,NA,"","untreated_plus","good",NA,NA,17,10,17,NA,NA,NA,16,NA,2,4,"",NA,0.0834459459459459,0.0921389396709324,NA,NA,0.0877924428084391,50.5376344086022,1311.83,1353.58,41.75,"NF","#VALUE!",8350,0,"no"
7,15,15,0,NA,0,NA,0,0,"","9/16/17","10/28/17",8,18,15,"",3.941,1.66,2.99,-29.51,43.53,0.75869068764273,11.0454199441766,2.3,3.43,3.16,0.238,0.324,0.423,NA,NA,"","treated_neg","good",NA,NA,15,11,14,NA,NA,NA,7,NA,1,3,"",0.49625,0.103478260869565,0.0944606413994169,0.133860759493671,NA,0.110599887254218,46.7741935483871,1298.04,1348.91,50.87,"NF","#VALUE!",10174,0,"no"
8,11,8,0.272727273,NA,3,NA,0,NA,"white fuzzy","9/16/17","10/28/17",8,10,8,"",3.982,2.27,3.58,-29.94,44.92,0.89904570567554,11.2807634354596,1.98,2.58,2.38,0.215,0.248,0.201,NA,NA,"","untreated_plus","good",NA,NA,10,7,9,NA,NA,NA,3,NA,0,0,"",0.416,0.108585858585859,0.0961240310077519,0.084453781512605,NA,0.0963878903687385,38.5752688172043,1321.3,1346.39,25.09,"1.554","2.33091772",5018,0.046,"no"
9,16,16,0,NA,0,NA,0,NA,"","9/16/17","10/28/17",10,20,17,"",3.66,0.54,2.3,-30.53,32.82,0.628415300546448,8.9672131147541,2.37,3.4,4.2,0.274,0.353,0.471,NA,NA,"","treated_plus","good",NA,NA,16,11,16,NA,NA,NA,18,NA,2,9,"",0.5245,0.115611814345992,0.103823529411765,0.112142857142857,NA,0.110526066966871,61.8279569892473,1303.99,1342.46,38.47,"NF","#VALUE!",7694,0,"no"
10,15,15,0,NA,0,NA,0,NA,"","9/16/17","10/28/17",13,43,41,"y",3.591,3.67,3.79,-30.19,42.94,1.05541631857421,11.957671957672,3.42,6.38,6.91,0.384,0.653,0.633,NA,NA,"","treated_neg","good",NA,NA,39,15,32,NA,NA,NA,63,NA,NA,11,"",0.6675,0.112280701754386,0.102351097178683,0.0916063675832127,NA,0.102079388838761,19.758064516129,1250.05,1308.65,58.6,"NF","#VALUE!",11720,0,"no"
11,NA,NA,NA,NA,NA,NA,NA,NA,NA,NA,NA,8,10,6,"",3.325,3.42,6.53,-30.09,49.42,1.96390977443609,14.8631578947368,3.02,1.94,2.91,0.306,0.234,0.304,NA,NA,"","controlplus","good",NA,NA,9,8,7,NA,NA,NA,2,NA,NA,NA,"",0.461,0.101324503311258,0.120618556701031,0.10446735395189,NA,0.108803471321393,23.1182795698925,1297.68,1338.59,40.91,"3.121","4.68115966",8182,0.057,"no"
12,23,23,0,NA,0,NA,0,NA,"","9/16/17","10/28/17",12,31,30,"",NA,NA,NA,NA,NA,NA,NA,3.21,2.71,2.22,0.477,0.351,0.262,NA,NA,"","treated_neg","good",NA,NA,26,10,19,NA,NA,NA,34,NA,NA,11,"",0.5225,0.148598130841122,0.129520295202952,0.118018018018018,NA,0.132045481354031,NA,NA,NA,NA,NA,NA,NA,NA,"no"
13,13,13,0,NA,0,NA,0,NA,"","9/16/17","10/28/17",9,24,24,"",3.664,1.1,2.93,-29.46,44.03,0.799672489082969,12.0169213973799,1.76,2.22,2.37,0.218,0.271,0.228,NA,NA,"","treated_neg","good",NA,NA,24,11,17,NA,NA,NA,32,NA,NA,8,"",0.42925,0.123863636363636,0.122072072072072,0.0962025316455696,NA,0.114046080027093,54.3010752688172,1285.4,1328.16,42.76,"NF","#VALUE!",8552,0,"no"
14,13,13,0,NA,0,NA,0,NA,"","9/16/17","10/28/17",13,48,43,"",3.452,-0.51,4.67,-29.87,44.89,1.35283893395133,13.0040556199305,5.04,2.7,4.02,0.418,0.36,0.604,NA,NA,"","untreated_neg","good",NA,NA,45,19,42,NA,NA,NA,64,NA,NA,10,"",0.5955,0.0829365079365079,0.133333333333333,0.150248756218905,NA,0.122172865829582,75.9408602150538,1298.07,1325.39,27.32,"NF","#VALUE!",5464,0,"no"
15,12,12,0,NA,0,NA,0,NA,"","9/16/17","10/28/17",12,30,29,"",NA,NA,NA,NA,NA,NA,NA,4.49,3.12,3.32,0.503,0.386,0.348,NA,NA,"","controlNeg","good",NA,NA,28,17,22,NA,NA,NA,38,NA,3,10,"",0.55925,0.112026726057906,0.123717948717949,0.104819277108434,NA,0.113521317294763,NA,NA,NA,NA,NA,NA,NA,NA,"no"
16,12,11,0.083333333,NA,0,1,1,1,"","9/16/17","10/28/17",16,28,25,"",3.405,0.78,1.97,-29.84,40.8,0.57856093979442,11.9823788546255,2.66,2.27,3.02,0.377,0.324,0.43,NA,NA,"","treated_controlplus","good",NA,NA,25,17,24,NA,NA,NA,46,NA,2,11,"",0.53275,0.141729323308271,0.14273127753304,0.142384105960265,NA,0.142281568933858,58.6021505376344,1240.74,1289.21,48.47,"NF","#VALUE!",9694,0,"no"
17,12,12,0,NA,0,NA,0,NA,"","9/16/17","10/28/17",6,26,23,"",3.844,1.38,3.49,-29.79,42.39,0.907908428720083,11.0275754422477,2.31,2.46,1.69,0.372,0.336,0.245,NA,NA,"","controlNeg","good",NA,NA,24,13,22,NA,NA,NA,21,NA,NA,7,"",0.48825,0.161038961038961,0.136585365853659,0.144970414201183,NA,0.147531580364601,50.5376344086022,1249.46,1291.65,42.19,"NF","#VALUE!",8438,0,"no"
18,11,11,0,NA,0,NA,0,NA,"","9/16/17","10/28/17",9,24,23,"",NA,NA,NA,NA,NA,NA,NA,2.7,2.6,2.49,0.366,0.272,0.265,NA,NA,"","controlNeg","good",NA,NA,24,13,21,NA,NA,NA,34,NA,1,15,"",0.47575,0.135555555555556,0.104615384615385,0.106425702811245,NA,0.115532214327395,NA,NA,NA,NA,NA,NA,NA,NA,"no"
19,16,16,0,NA,0,NA,0,NA,"","9/16/17","10/28/17",8,16,16,"",3.515,1.26,2.5,-29.43,43.23,0.711237553342816,12.298719772404,4.31,2.63,4.93,0.539,0.282,0.569,NA,NA,"","controlplus","good",NA,NA,17,10,15,NA,NA,NA,9,NA,NA,NA,"",0.5975,0.125058004640371,0.10722433460076,0.115415821501014,NA,0.115899386914049,52.1505376344086,1250.18,1286.99,36.81,"3.123","4.68425172",7362,0.064,"no"
20,NA,NA,NA,NA,NA,NA,NA,NA,NA,NA,NA,16,37,33,"",NA,3.26,NA,-29.735,NA,0.786560219410908,12.2498793747901,3.62,2.71,5.91,0.457,0.336,0.769,NA,NA,"","treated_controlneg","good",NA,NA,37,17,30,NA,NA,NA,52,NA,2,16,"",0.6405,0.126243093922652,0.123985239852399,0.130118443316413,NA,0.126782259030488,25.2688172043011,1233.63,1277.05,43.42,"0.110","0.16448795",8684,0.002,"no"
21,12,12,0,NA,0,NA,0,NA,"","9/16/17","10/28/17",16,26,26,"",NA,NA,NA,NA,NA,NA,NA,2.16,1.9,1.98,0.221,0.27,0.293,NA,NA,"","untreated_neg","good",NA,NA,17,15,17,NA,NA,NA,28,NA,NA,11,"yes",0.446,0.102314814814815,0.142105263157895,0.147979797979798,NA,0.130799958650836,NA,1217.43,1272.53,55.1,"NF","#VALUE!",11020,0,"no"
22,12,12,0,NA,0,NA,0,NA,"","9/16/17","10/28/17",8,14,12,"",3.387,1.16,2.8,-29.22,43.3,0.826690286389135,12.7841747859463,1.67,1.88,2.51,0.298,0.338,0.398,NA,NA,"","untreated_plus","good",NA,NA,13,11,12,NA,NA,NA,6,NA,NA,2,"",0.5085,0.178443113772455,0.179787234042553,0.158565737051793,NA,0.172265361622267,53.494623655914,1240.69,1292.91,52.22,"NF","#VALUE!",10444,0,"no"
23,11,11,0,NA,0,NA,0,NA,"","9/16/17","10/28/17",14,40,39,"",3.012,3.9,3.77,-29.82,42.41,1.25166002656042,14.0803452855246,2.21,2.08,3.38,0.289,0.343,0.378,NA,NA,"","untreated_plus","good",NA,NA,31,15,27,NA,NA,NA,41,NA,2,12,"",0.5025,0.130769230769231,0.164903846153846,0.111834319526627,NA,0.135835798816568,16.6666666666667,1303.69,1344.12,40.43,"NF","#VALUE!",8086,0,"no"
24,9,9,0,NA,0,NA,0,NA,"","9/16/17","10/28/17",10,22,21,"",3.822,1.61,1.96,-29.66,41.85,0.512820512820513,10.9497645211931,1.94,2.87,3.1,0.31,0.322,0.446,NA,NA,"","treated_neg","good",NA,NA,24,12,19,NA,NA,NA,24,NA,NA,14,"yes",0.5195,0.15979381443299,0.11219512195122,0.143870967741935,NA,0.138619968042048,47.4462365591398,1250.05,1303.98,53.93,"NF","#VALUE!",10786,0,"no"
25,10,8,0.2,NA,0,2,2,1,"white fuzzy","9/16/17","10/28/17",8,17,14,"",3.348,0.69,2.4,-30.14,43.19,0.716845878136201,12.900238948626,4.09,2.94,3.65,0.566,0.317,0.506,NA,NA,"","untreated_plus","good",NA,NA,15,10,13,NA,NA,NA,5,NA,NA,3,"",0.59725,0.13838630806846,0.107823129251701,0.138630136986301,NA,0.128279858102154,59.8118279569892,1311.81,1366.03,54.22,"4.297","6.44535512",10844,0.059,"no"
26,12,12,0,NA,0,NA,0,NA,"","9/16/17","10/28/17",8,23,22,"",3.308,1.05,2.67,-30.17,41.97,0.807134220072551,12.6874244256348,1.94,2.09,2.16,0.348,0.266,0.388,NA,NA,"","untreated_plus","good",NA,NA,25,10,24,NA,NA,NA,24,NA,1,NA,"",0.5005,0.179381443298969,0.127272727272727,0.17962962962963,NA,0.162094600067109,54.9731182795699,1250.01,1283.93,33.92,"NF","#VALUE!",6784,0,"no"
27,11,11,0,NA,0,NA,0,NA,"","9/16/17","10/28/17",9,18,14,"",3.247,1.1,2.99,-29.67,42.3,0.92085001539883,13.0274099168463,3.38,3.19,4.73,0.329,0.399,0.578,NA,NA,"","treated_neg","good",NA,NA,14,12,12,NA,NA,NA,7,NA,2,NA,"",0.5765,0.0973372781065089,0.125078369905956,0.122198731501057,NA,0.114871459837841,54.3010752688172,1285.6,1333.67,48.07,"0.031","0.04677860",9614,0,"no"
28,NA,NA,NA,NA,NA,NA,NA,NA,NA,NA,NA,7,13,10,"",3.187,0.58,2.35,-31.17,43.06,0.737370567932225,13.5111390021964,2.18,1.53,2.82,0.298,0.233,0.396,NA,NA,"","treated_plus","good",NA,NA,11,10,11,NA,NA,NA,5,NA,NA,NA,"",0.48175,0.136697247706422,0.152287581699346,0.140425531914894,NA,0.143136787106887,61.2903225806452,1297.46,1346.61,49.15,"3.346","5.01913573",9830,0.051,"no"
29,15,15,0,NA,0,NA,0,NA,"","9/16/17","10/28/17",9,19,15,"",3.858,1.12,2.61,-30.25,43.82,0.67651632970451,11.3582166925868,2.04,3.1,3.33,0.327,0.37,0.412,NA,NA,"Distance in pixels: 321","treated_plus","good",NA,NA,16,10,13,NA,NA,NA,10,NA,NA,2,"",0.52725,0.160294117647059,0.119354838709677,0.123723723723724,NA,0.13445756002682,54.0322580645161,1249.58,1297.77,48.19,"NF","#VALUE!",9638,0,"no"
30,NA,NA,NA,NA,NA,NA,NA,NA,NA,NA,NA,7,6,6,"",NA,NA,NA,NA,NA,NA,NA,2.93,4.16,2.62,0.316,0.55,0.274,NA,NA,"","untreated_neg","dontuse",NA,NA,9,8,8,NA,NA,NA,4,NA,NA,NA,"",0.535,0.107849829351536,0.132211538461538,0.104580152671756,NA,0.114880506828277,NA,NA,NA,NA,NA,NA,NA,NA,"no"
31,12,12,0,NA,0,NA,0,NA,"","9/16/17","10/28/17",18,35,33,"",4.055,3.75,2.79,-30.44,42.93,0.688039457459926,10.5869297163995,3.21,2.45,2.81,0.347,0.315,0.352,NA,NA,"","treated_plus","good",NA,NA,32,19,32,NA,NA,NA,45,NA,6,4,"",0.5035,0.10809968847352,0.128571428571429,0.125266903914591,NA,0.120646006986513,18.6827956989247,1285.09,1331.86,46.77,"NF","#VALUE!",9354,0,"no"
32,NA,NA,NA,NA,NA,NA,NA,NA,NA,NA,NA,8,7,6,"",3.48,0.98,2.01,-29.54,40.93,0.577586206896552,11.7614942528736,2.01,2.87,2.32,0.258,0.21,0.183,NA,NA,"","untreated_plus","good",NA,NA,10,10,8,NA,NA,NA,3,NA,NA,NA,"",0.41275,0.128358208955224,0.0731707317073171,0.0788793103448276,NA,0.0934694170024562,55.9139784946237,1250.15,1281.27,31.12,"NF","#VALUE!",6224,0,"no"
33,9,9,0,NA,0,NA,0,NA,"","9/16/17","10/28/17",13,19,19,"",3.287,1.17,2.75,-29.59,42.44,0.836629145117128,12.9114694250076,2.82,1.62,1.74,0.262,0.137,0.178,NA,NA,"","treated_neg","good",NA,NA,21,12,16,NA,NA,NA,20,NA,NA,6,"",0.39425,0.0929078014184397,0.0845679012345679,0.102298850574713,NA,0.0932581844092401,53.3602150537634,1285.92,1334.17,48.25,"NF","#VALUE!",9650,0,"no"
34,NA,NA,NA,NA,NA,NA,NA,NA,NA,NA,NA,6,5,3,"",NA,NA,NA,NA,NA,NA,NA,1.69,2.94,2.75,0.206,0.283,0.216,NA,NA,"","treated_controlplus","dontuse",NA,NA,9,6,8,NA,NA,NA,3,NA,NA,NA,"",0.42625,0.12189349112426,0.0962585034013605,0.0785454545454545,NA,0.0988991496903585,NA,NA,NA,NA,NA,NA,NA,NA,"no"
35,12,12,0,NA,0,NA,0,NA,"","9/16/17","10/28/17",10,24,19,"",3.561,0.51,1.72,-29.92,44.1,0.483010390339792,12.3841617523168,1.9,3.17,2.73,0.242,0.288,0.259,NA,NA,"","treated_plus","good",NA,NA,20,11,18,NA,NA,NA,28,NA,2,7,"",0.44725,0.127368421052632,0.0908517350157729,0.0948717948717949,NA,0.104363983646733,62.2311827956989,1321.02,1365.69,44.67,"NF","#VALUE!",8934,0,"no"
35,16,16,0,NA,0,NA,0,NA,"","9/16/17","10/28/17",10,24,19,"",3.561,0.51,1.72,-29.92,44.1,0.483010390339792,12.3841617523168,1.9,3.17,2.73,0.242,0.288,0.259,NA,NA,"","treated_plus","good",NA,NA,20,11,18,NA,NA,NA,28,NA,2,7,"",0.44725,0.127368421052632,0.0908517350157729,0.0948717948717949,NA,0.104363983646733,62.2311827956989,1321.02,1365.69,44.67,"NF","#VALUE!",8934,0,"no"
36,NA,NA,NA,NA,NA,NA,NA,NA,NA,NA,NA,6,13,10,"",NA,NA,NA,NA,NA,NA,NA,3.34,3.27,3,0.332,0.307,0.261,NA,NA,"","treated_plus","weak",NA,NA,11,10,9,NA,NA,NA,4,NA,NA,NA,"",0.475,0.0994011976047904,0.0938837920489297,0.087,NA,0.0934283298845734,NA,NA,NA,NA,NA,NA,NA,NA,"no"
37,22,NA,1,NA,0,4,4,1,"","9/16/17","10/7/17",24,61,48,"",NA,4.585,NA,-29.87,NA,1.0732759029967,11.458544997911,5.14,4.69,4.17,0.431,0.447,0.414,NA,NA,"","untreated_neg","good",NA,NA,51,22,46,NA,NA,NA,95,NA,4,8,"",0.573,0.083852140077821,0.0953091684434968,0.0992805755395683,NA,0.0928139613536287,7.45967741935483,1234.33,1273.89,39.56,"0.061","0.09109618",7912,0.001,"no"
38,NA,NA,NA,NA,NA,NA,NA,NA,NA,NA,NA,6,9,8,"",NA,NA,NA,NA,NA,NA,NA,2.49,1.48,1.57,0.254,0.153,0.23,NA,NA,"","untreated_plus","weak",NA,NA,9,7,9,NA,NA,NA,3,NA,NA,1,"",0.40925,0.102008032128514,0.103378378378378,0.146496815286624,NA,0.117294408597839,NA,NA,NA,NA,NA,NA,NA,NA,"no"
39,14,NA,1,1,0,2,3,2,"","9/15/17","10/7/17",10,21,19,"",3.716,1.47,3.36,-29.47,41.81,0.904198062432723,11.251345532831,3.91,5.85,1.69,0.44,0.604,0.192,NA,NA,"","controlNeg","good",NA,NA,21,12,16,NA,NA,NA,19,NA,2,4,"",0.559,0.112531969309463,0.103247863247863,0.113609467455621,NA,0.109796433337649,49.3279569892473,1245.12,1292.77,47.65,"NF","#VALUE!",9530,0,"no"
40,19,11,0.421052632,NA,0,1,1,1,"","9/16/17","10/28/17",28,74,60,"y",3.294,4.41,5,-28.47,41.98,1.51791135397693,12.7443837279903,6.48,6.28,2.67,0.8,0.88,0.454,NA,NA,"","treated_plus","good",NA,NA,74,29,57,NA,NA,NA,123,NA,1,8,"",0.7835,0.123456790123457,0.140127388535032,0.170037453183521,NA,0.144540543947336,9.81182795698924,1244.89,1287.76,42.87,"0.052","0.07807553",8574,0.001,"no"
41,12,12,0,NA,0,NA,0,NA,"","9/16/17","10/28/17",10,31,27,"y",NA,0.985,NA,-30.33,NA,0.792535614472321,11.2862772960098,2.92,2.08,2.2,0.315,0.268,0.259,NA,NA,"","treated_neg","good",NA,NA,26,15,23,NA,NA,NA,38,NA,NA,18,"",0.4605,0.107876712328767,0.128846153846154,0.117727272727273,NA,0.118150046300731,55.8467741935484,1304.48,1340.68,36.2,"NF","#VALUE!",7240,0,"no"
42,10,10,0,NA,0,NA,0,NA,"","9/16/17","10/28/17",11,33,33,"y",2.948,0.47,3.33,-30.09,46.83,1.12957937584803,15.8853459972863,2.19,1.79,2.36,0.378,0.356,0.312,NA,NA,"","controlplus","good",NA,NA,32,16,30,NA,NA,NA,43,NA,NA,18,"",0.5115,0.172602739726027,0.198882681564246,0.132203389830508,NA,0.167896270373594,62.7688172043011,1307.39,1346.36,38.97,"NF","#VALUE!",7794,0,"no"
43,13,13,0,NA,0,NA,0,NA,"","9/16/17","10/28/17",8,18,15,"",3.651,1.2,2.57,-30.75,42.92,0.703916735141057,11.755683374418,3.91,4.02,2.4,0.36,0.435,0.262,NA,NA,"","untreated_neg","good",NA,NA,18,12,14,NA,NA,NA,11,NA,NA,2,"",0.51425,0.0920716112531969,0.108208955223881,0.109166666666667,NA,0.103149077714581,52.9569892473118,1302.6,1338.67,36.07,"NF","#VALUE!",7214,0,"no"
44,NA,NA,NA,NA,NA,NA,NA,NA,NA,NA,NA,12,36,27,"",NA,NA,NA,NA,NA,NA,NA,1.48,5.01,1.12,0.312,0.609,0.288,NA,NA,"","treated_plus","good",NA,NA,38,17,23,NA,NA,NA,24,NA,NA,4,"",0.55225,0.210810810810811,0.121556886227545,0.257142857142857,NA,0.196503518060404,NA,NA,NA,NA,NA,NA,NA,NA,"no"
45,NA,NA,NA,NA,NA,NA,NA,NA,NA,NA,NA,11,25,25,"",NA,NA,NA,NA,NA,NA,NA,2.99,1.92,3.19,0.314,0.34,0.429,NA,NA,"","untreated_plus","good",NA,NA,24,13,24,NA,NA,NA,19,NA,NA,9,"",0.52075,0.105016722408027,0.177083333333333,0.13448275862069,NA,0.138860938120683,NA,NA,NA,NA,NA,NA,NA,NA,"no"
46,14,14,0,NA,0,NA,0,NA,"","9/16/17","10/28/17",8,26,23,"",3.543,1.6,2.56,-29.46,42.58,0.722551510019757,12.0180637877505,3.8,NA,NA,0.367,NA,NA,NA,NA,"","treated_neg","good",NA,NA,21,12,28,NA,NA,NA,14,NA,NA,4,"",NA,0.0965789473684211,NA,NA,NA,0.0965789473684211,47.5806451612903,1249.25,1296.15,46.9,"NF","#VALUE!",9380,0,"no"
47,17,6,0.647058824,NA,11,NA,0,NA,"white fuzzy, some black spore contam","9/16/17","10/28/17",12,26,25,"",3.314,0.92,2.84,-30.02,42.37,0.856970428485214,12.7851538925769,5.53,5.29,3.14,0.592,0.64,0.382,NA,NA,"","treated_plus","good",NA,NA,22,18,20,NA,NA,NA,24,NA,NA,10,"",0.6535,0.107052441229656,0.120982986767486,0.121656050955414,NA,0.116563826317519,56.7204301075269,1293.79,1335.65,41.86,"4.757","7.13483717",8372,0.085,"no"
48,7,2,0.714285714,NA,0,5,5,NA,"tan fuzzy","9/17/17","10/28/17",11,13,11,"",3.918,1.43,2.74,-30.18,42.73,0.69933639612047,10.9060745278203,3.05,3.2,3.89,0.387,0.295,0.41,NA,NA,"","treated_controlplus","good",NA,NA,13,13,12,NA,NA,NA,7,NA,NA,1,"",0.523,0.126885245901639,0.0921875,0.105398457583548,NA,0.108157067828396,49.8655913978495,1250.09,1276.85,26.76,"2.716","4.07446168",5352,0.076,"no"
49,9,9,0,NA,0,NA,0,NA,"","9/16/17","10/28/17",12,37,29,"",3.384,3.07,3.48,-29.68,43.69,1.02836879432624,12.910756501182,2.54,2.9,2.82,0.4,0.413,0.408,NA,NA,"","treated_neg","good",NA,NA,29,12,28,NA,NA,NA,28,NA,2,6,"",0.55525,0.15748031496063,0.142413793103448,0.14468085106383,NA,0.148191653042636,27.8225806451613,1233,1280.4,47.4,"NF","#VALUE!",9480,0,"no"
50,13,3,0.769230769,NA,10,NA,0,NA,"fuzzy not as white","","10/7/17",8,12,8,"",NA,1.56,NA,-29.7,NA,0.866459455052506,12.3973596488721,3.02,3.45,3.8,0.386,0.328,0.412,NA,NA,"","untreated_plus","good",NA,NA,11,10,11,NA,NA,NA,5,NA,NA,NA,"",0.5315,0.127814569536424,0.0950724637681159,0.108421052631579,NA,0.110436028645373,48.1182795698925,1320.98,1346.97,25.99,"1.841","2.76163868",5198,0.053,"no"
51,10,10,0,NA,0,NA,0,NA,"","9/16/17","10/28/17",8,24,22,"",3.817,1.22,3.12,-30.44,43.16,0.817395860623526,11.3073094052921,1.77,2.02,2.31,0.304,0.346,0.382,NA,NA,"","untreated_neg","good",NA,NA,19,13,18,NA,NA,NA,27,NA,1,6,"",0.508,0.171751412429379,0.171287128712871,0.165367965367965,NA,0.169468835503405,52.6881720430108,1250.31,1301.56,51.25,"NF","#VALUE!",10250,0,"no"
52,9,8,0.111111111,1,0,NA,1,1,"","9/16/17","10/7/17",18,47,39,"y",3.769,3.54,3.51,-29.8,43.59,0.931281507031043,11.5654019633855,2.12,2.88,2.26,0.357,0.388,0.415,NA,NA,"","untreated_neg","good",NA,NA,32,15,26,NA,NA,NA,62,NA,1,10,"yes",0.54,0.168396226415094,0.134722222222222,0.183628318584071,NA,0.162248922407129,21.505376344086,1311.94,1357.85,45.91,"NF","#VALUE!",9182,0,"no"
53,9,9,0,NA,0,NA,0,NA,"","9/16/17","10/28/17",9,22,18,"",3.199,2.41,2.52,-30.6,41.2,0.787746170678337,12.8790246952173,1.78,1.45,2.01,0.274,0.185,0.231,NA,NA,"","untreated_neg","good",NA,NA,19,13,18,NA,NA,NA,23,NA,NA,7,"",0.4225,0.153932584269663,0.127586206896552,0.114925373134328,NA,0.132148054766848,36.6935483870968,1303.79,1331.07,27.28,"NF","#VALUE!",5456,0,"no"
54,9,9,0,NA,0,NA,0,NA,"","9/16/17","10/28/17",12,27,19,"",3.778,0.62,2.81,-30.11,45.85,0.743779777660138,12.13605082054,1.38,2.84,1.51,0.238,0.36,0.191,NA,NA,"","treated_controlneg","good",NA,NA,25,12,18,NA,NA,NA,30,NA,NA,10,"yes",0.44725,0.172463768115942,0.126760563380282,0.126490066225166,NA,0.141904799240463,60.752688172043,1233.95,1261.9,27.95,"NF","#VALUE!",5590,0,"no"
55,12,0,1,NA,12,NA,0,NA,"Sequenced this Alfu","9/16/17","10/28/17",8,8,5,"",3.046,1.62,4.18,-30.57,43.42,1.37229152987525,14.2547603414314,2.78,3.03,3.2,0.316,0.374,0.309,NA,NA,"","controlplus","good",NA,NA,11,9,9,NA,NA,NA,6,NA,1,NA,"",0.49975,0.113669064748201,0.123432343234323,0.0965625,NA,0.111221302660842,47.3118279569892,1250.03,1265.5,15.47,"2.890","4.33554443",3094,0.14,"no"
55,12,NA,1,12,NA,NA,12,NA,"bright white","9/17/17","10/7/17",8,8,5,"",3.046,1.62,4.18,-30.57,43.42,1.37229152987525,14.2547603414314,2.78,3.03,3.2,0.316,0.374,0.309,NA,NA,"","controlplus","good",NA,NA,11,9,9,NA,NA,NA,6,NA,1,NA,"",0.49975,0.113669064748201,0.123432343234323,0.0965625,NA,0.111221302660842,47.3118279569892,1250.03,1265.5,15.47,"2.890","4.33554443",3094,0.14,"no"
56,NA,NA,NA,NA,NA,NA,NA,NA,NA,NA,NA,7,19,15,"",NA,NA,NA,NA,NA,NA,NA,2.28,2.96,2.73,0.308,0.363,0.38,NA,NA,"","controlplus","good",NA,NA,15,9,10,NA,NA,NA,13,NA,NA,NA,"",0.51275,0.135087719298246,0.122635135135135,0.139194139194139,NA,0.132305664542507,NA,1307.77,1334.61,26.84,"0.334","0.50150421",5368,0.009,"no"
57,14,14,0,NA,0,NA,0,NA,"","9/16/17","10/28/17",12,27,17,"",3.588,0.88,3.56,-29.99,45.72,0.992196209587514,12.742474916388,2.78,2.39,2.65,0.356,0.407,0.371,NA,NA,"","untreated_plus","good",NA,NA,25,14,14,NA,NA,NA,29,NA,1,4,"yes",0.5335,0.128057553956835,0.170292887029289,0.14,NA,0.146116813662041,57.258064516129,1244.25,1294.23,49.98,"NF","#VALUE!",9996,0,"no"
58,11,11,0,NA,0,NA,0,NA,"","9/16/17","10/28/17",11,17,17,"",3.986,3.16,2.7,-30.67,42.81,0.677370797792273,10.7400903161064,2.56,0.5,NA,0.313,0.132,NA,NA,NA,"","treated_neg","good",NA,NA,18,13,13,NA,NA,NA,15,NA,NA,9,"",NA,0.122265625,0.264,NA,NA,0.1931328125,26.6129032258064,1244.93,1269.13,24.2,"NF","#VALUE!",4840,0,"no"
59,11,11,0,NA,0,NA,0,NA,"","9/16/17","10/28/17",8,18,14,"",2.994,1.69,2.52,-30.89,43.02,0.841683366733467,14.3687374749499,1.02,1.18,1.88,0.186,0.276,0.24,NA,NA,"","treated_neg","good",NA,NA,16,20,14,NA,NA,NA,21,NA,1,10,"",0.4255,0.182352941176471,0.233898305084746,0.127659574468085,NA,0.181303606909767,46.3709677419355,1233.66,1260.33,26.67,"NF","#VALUE!",5334,0,"no"
60,14,14,0,NA,0,NA,0,0,"","9/16/17","10/28/17",11,22,15,"",3.259,1.16,2.12,-30.9,41.59,0.65050629027309,12.7615833077631,1.7,1.62,1.8,0.218,0.314,0.342,NA,NA,"","controlNeg","good",NA,NA,19,14,18,NA,NA,NA,17,NA,2,NA,"",0.4685,0.128235294117647,0.193827160493827,0.19,NA,0.170687484870491,53.494623655914,1303.64,1331.93,28.29,"NF","#VALUE!",5658,0,"no"
61,19,19,0,NA,0,NA,0,NA,"","9/16/17","10/28/17",11,37,33,"y",3.628,1.04,3.21,-30.68,41.5,0.884785005512679,11.438809261301,0.96,0.84,2.11,0.195,0.162,0.308,NA,NA,"","treated_neg","good",NA,NA,32,15,26,NA,2,NA,37,NA,3,10,"",0.41625,0.203125,0.192857142857143,0.145971563981043,NA,0.180651235612729,55.1075268817204,1315.86,1363.97,48.11,"NF","#VALUE!",9622,0,"no"
61,19,19,0,NA,0,NA,0,NA,"","9/16/17","10/28/17",11,37,33,"y",2.84,0.82,3.22,-30.54,40.52,1.13380281690141,14.2676056338028,0.96,0.84,2.11,0.195,0.162,0.308,NA,NA,"","treated_neg","good",NA,NA,32,15,26,NA,2,NA,37,NA,3,10,"",0.41625,0.203125,0.192857142857143,0.145971563981043,NA,0.180651235612729,58.0645161290322,1315.86,1363.97,48.11,"NF","#VALUE!",9622,0,"no"
62,13,12,0.076923077,NA,0,1,1,1,"","9/16/17","10/28/17",19,28,27,"",3.52,1.07,2.1,-29,41.91,0.596590909090909,11.90625,3.23,2.78,1.6,0.51,0.446,0.243,NA,NA,"","untreated_plus","good",NA,NA,27,15,20,NA,NA,NA,25,NA,2,NA,"",0.54975,0.157894736842105,0.160431654676259,0.151875,NA,0.156733797172788,54.7043010752688,1249.07,1285.62,36.55,"NF","#VALUE!",7310,0,"no"
63,16,16,0,NA,0,NA,0,NA,"","9/16/17","10/28/17",28,45,25,"",3.71,-1.18,2.67,-30.75,43.38,0.719676549865229,11.6927223719677,5.21,3.41,4.15,0.517,0.356,0.418,NA,NA,"","treated_neg","good",NA,NA,35,19,18,NA,NA,NA,38,NA,3,NA,"",0.57275,0.099232245681382,0.104398826979472,0.100722891566265,NA,0.10145132140904,84.9462365591398,1286.42,1321.77,35.35,"NF","#VALUE!",7070,0,"no"
64,NA,NA,NA,NA,NA,NA,NA,NA,NA,NA,NA,7,12,10,"",NA,NA,NA,NA,NA,NA,NA,3.46,2.68,3.52,0.58,0.46,0.439,NA,NA,"","untreated_plus","weak",NA,NA,12,11,10,NA,NA,NA,5,NA,2,NA,"",0.61975,0.167630057803468,0.171641791044776,0.124715909090909,NA,0.154662585979718,NA,NA,NA,NA,NA,NA,NA,NA,"no"
65,NA,NA,NA,NA,NA,NA,NA,NA,NA,NA,NA,9,13,7,"",NA,NA,NA,NA,NA,NA,NA,4.23,2.93,3.44,0.347,0.289,0.364,NA,NA,"","untreated_plus","weak",NA,NA,13,10,13,NA,NA,NA,5,NA,NA,NA,"",0.5,0.0820330969267139,0.0986348122866894,0.105813953488372,NA,0.0954939542339251,NA,NA,NA,NA,NA,NA,NA,NA,"no"
66,12,0,1,NA,12,NA,0,NA,"","9/16/17","10/7/17",11,23,21,"",3.745,1.27,2.69,-30.2,41.6,0.718291054739653,11.1081441922563,4.83,3.41,5.77,0.527,0.375,0.496,NA,NA,"","treated_plus","good",NA,NA,17,11,11,NA,NA,NA,12,NA,2,NA,"",0.5995,0.109109730848861,0.109970674486804,0.0859618717504333,NA,0.101680759028699,52.0161290322581,1311.23,1354.9,43.67,"5.505","8.25675557",8734,0.095,"no"
67,12,0,1,NA,12,NA,0,NA,"","9/16/17","10/7/17",7,19,18,"",3.762,2.47,3.38,-30.32,41.81,0.89845826687932,11.113769271664,4.37,3.18,2.79,0.624,0.394,0.361,NA,NA,"","treated_neg","good",NA,NA,17,12,14,NA,NA,NA,10,NA,1,NA,"",0.59475,0.14279176201373,0.123899371069182,0.129390681003584,NA,0.132027271362166,35.8870967741935,1297.53,1318.39,20.86,"3.217","4.82566005",4172,0.116,"yes"
68,16,16,0,NA,0,NA,0,NA,"","9/16/17","10/28/17",19,46,49,"y",3.794,-1.04,4.88,-29.4,44.98,1.28624143384291,11.855561412757,2.28,4.39,1.36,0.372,0.679,0.28,NA,NA,"","untreated_plus","good",NA,NA,51,22,37,NA,NA,NA,67,NA,4,19,"",0.58275,0.163157894736842,0.154669703872437,0.205882352941176,NA,0.174569983850152,83.0645161290323,1304.12,1350.4,46.28,"0.166","0.24894827",9256,0.003,"no"
69,16,16,0,NA,0,NA,0,NA,"","9/16/17","10/28/17",14,46,31,"y",3.652,4.44,4.41,-28.86,44.1,1.20755750273823,12.0755750273823,5.07,1.41,0.98,0.664,0.169,0.147,NA,NA,"","untreated_neg","good",NA,NA,36,17,32,NA,NA,NA,74,NA,4,18,"",0.495,0.130966469428008,0.119858156028369,0.15,NA,0.133608208485459,9.40860215053763,1312.28,1361.15,48.87,"NF","#VALUE!",9774,0,"no"
70,10,1,0.9,NA,0,7,7,1,"tan fuzzy","9/17/17","10/28/17",23,43,42,"",3.584,4.53,4.58,-29.53,42.36,1.27790178571429,11.8191964285714,1.93,2.94,4.58,0.363,0.405,0.542,NA,NA,"","untreated_plus","good",NA,NA,43,19,40,NA,NA,NA,62,NA,5,6,"",0.5775,0.188082901554404,0.137755102040816,0.118340611353712,NA,0.148059538316311,8.19892473118279,1241.87,1290.71,48.84,"3.485","5.22715517",9768,0.054,"no"
71,11,11,0,NA,0,NA,0,NA,"","9/16/17","10/28/17",11,25,23,"",3.374,0.48,3.27,-29.98,46.47,0.969176052163604,13.7729697688204,3,2.89,1.7,0.32,0.301,0.226,NA,NA,"","untreated_neg","good",NA,NA,22,17,21,NA,NA,NA,30,NA,1,3,"",0.46175,0.106666666666667,0.104152249134948,0.132941176470588,NA,0.114586697424068,62.6344086021506,1303.44,1357.4,53.96,"NF","#VALUE!",10792,0,"no"
72,NA,NA,NA,NA,NA,NA,NA,NA,NA,"","10/7/17",20,33,29,"",3.659,1.37,4.46,-28.84,44.53,1.21891227111233,12.1699918010385,3.1,4.18,1.86,0.355,0.469,0.229,NA,NA,"","treated_neg","good",NA,NA,26,17,23,NA,NA,NA,39,NA,2,10,"",0.51325,0.114516129032258,0.112200956937799,0.123118279569892,NA,0.116611788513317,50.6720430107527,1245.21,1276.73,31.52,"NF","#VALUE!",6304,0,"no"
73,9,9,0,NA,0,NA,0,NA,"","9/16/17","10/28/17",16,21,21,"",3.795,-0.09,2.96,-30.15,44.86,0.779973649538867,11.8208168642951,4.06,3.06,2.8,0.333,0.292,0.255,NA,NA,"","controlNeg","good",NA,NA,17,15,15,NA,NA,NA,13,NA,NA,NA,"",0.47,0.0820197044334976,0.0954248366013072,0.0910714285714286,NA,0.0895053232020778,70.2956989247312,1249.56,1288.23,38.67,"NF","#VALUE!",7734,0,"no"
74,NA,NA,NA,NA,NA,NA,NA,NA,NA,NA,NA,11,18,16,"",NA,2.555,NA,-30.025,NA,0.852251005207303,11.6724086158533,2.15,3.9,1.88,0.328,0.589,0.286,NA,NA,"","treated_neg","good",NA,NA,20,15,10,NA,NA,NA,22,NA,1,1,"",0.55075,0.152558139534884,0.151025641025641,0.152127659574468,NA,0.151903813378331,34.744623655914,1244.58,1284.62,40.04,"NF","#VALUE!",8008,0,"no"
75,NA,NA,NA,NA,NA,NA,NA,NA,NA,NA,NA,7,23,20,"",NA,NA,NA,NA,NA,NA,NA,2.85,2.27,2.17,0.341,0.26,0.301,NA,NA,"","treated_neg","good",NA,NA,23,9,19,NA,NA,NA,24,NA,NA,9,"",0.4755,0.119649122807018,0.114537444933921,0.138709677419355,NA,0.124298748386764,NA,NA,NA,NA,NA,NA,NA,NA,"no"
76,NA,NA,NA,NA,NA,NA,NA,NA,NA,NA,NA,7,21,19,"",3.267,0.81,3.76,-30.43,44.33,1.15090296908479,13.5690235690236,1.67,1.52,3.06,0.267,0.188,0.282,NA,NA,"","untreated_neg","good",NA,NA,18,11,15,NA,NA,NA,17,NA,6,3,"",0.43425,0.159880239520958,0.123684210526316,0.092156862745098,NA,0.125240437597457,58.1989247311828,1306.06,1323.11,17.05,"NF","#VALUE!",3410,0,"no"
77,NA,NA,NA,NA,NA,NA,NA,NA,NA,NA,NA,9,18,17,"",3.381,0.96,2.35,-30.35,41.59,0.695060632948832,12.3010943507838,1.97,1.86,1.33,0.212,0.231,0.208,NA,NA,"","controlNeg","good",NA,NA,16,11,12,NA,NA,NA,22,NA,1,4,"",0.41275,0.10761421319797,0.124193548387097,0.156390977443609,NA,0.129399579676225,56.1827956989247,1244.91,1284.27,39.36,"NF","#VALUE!",7872,0,"no"
78,10,10,0,NA,0,NA,0,NA,"","9/16/17","10/28/17",5,18,18,"",2.986,0.78,4.74,-29.72,44.31,1.5874079035499,14.8392498325519,5.12,4.98,2.22,0.545,0.567,0.22,NA,NA,"","treated_neg","good",NA,NA,17,14,14,NA,NA,NA,9,NA,1,NA,"",0.583,0.1064453125,0.113855421686747,0.0990990990990991,NA,0.106466611095282,58.6021505376344,1233.39,1253.4,20.01,"NF","#VALUE!",4002,0,"no"
79,NA,NA,NA,NA,NA,NA,NA,NA,NA,NA,NA,19,52,40,"y",NA,NA,NA,NA,NA,NA,NA,3.15,3.31,4.33,0.379,0.578,0.609,NA,NA,"","untreated_plus","good",NA,NA,50,21,36,NA,2,NA,141,NA,19,4,"",0.6415,0.12031746031746,0.174622356495468,0.140646651270208,NA,0.145195489361045,NA,NA,NA,NA,NA,NA,NA,NA,"no"
80,NA,NA,NA,NA,NA,NA,NA,NA,NA,NA,NA,10,25,16,"",3.712,1.47,3.63,-30.13,44.08,0.977909482758621,11.875,1.91,2.55,1.63,0.231,0.297,0.201,NA,NA,"","treated_plus","good",NA,NA,21,12,16,NA,NA,NA,18,NA,NA,3,"",0.43225,0.120942408376963,0.116470588235294,0.123312883435583,NA,0.120241960015947,49.3279569892473,1305.47,1330.25,24.78,"NF","#VALUE!",4956,0,"no"
81,NA,NA,NA,NA,NA,NA,NA,NA,NA,NA,NA,NA,NA,NA,"",NA,NA,NA,NA,NA,NA,NA,NA,NA,NA,NA,NA,NA,NA,NA,NA,"untreated_plus","dead",NA,NA,NA,NA,NA,NA,NA,NA,NA,NA,NA,NA,"",NA,NA,NA,NA,NA,NA,NA,NA,NA,NA,NA,NA,NA,NA,"no"
82,NA,NA,NA,NA,NA,NA,NA,NA,NA,NA,NA,NA,NA,NA,"",NA,NA,NA,NA,NA,NA,NA,NA,NA,NA,NA,NA,NA,NA,NA,NA,"untreated_plus","dead",NA,NA,NA,NA,NA,NA,NA,NA,NA,NA,NA,NA,"",NA,NA,NA,NA,NA,NA,NA,NA,NA,NA,NA,NA,NA,NA,"no"
83,NA,NA,NA,NA,NA,NA,NA,NA,NA,NA,NA,6,10,9,"",NA,NA,NA,NA,NA,NA,NA,4.18,2.21,3.87,0.333,0.24,0.392,NA,NA,"","treated_plus","weak",NA,NA,14,8,10,NA,NA,NA,5,NA,NA,NA,"",0.49125,0.0796650717703349,0.108597285067873,0.101291989664083,NA,0.0965181155007636,NA,NA,NA,NA,NA,NA,NA,NA,"no"
84,NA,NA,NA,NA,NA,NA,NA,NA,NA,NA,NA,NA,NA,NA,"",NA,NA,NA,NA,NA,NA,NA,NA,NA,NA,NA,NA,NA,NA,NA,NA,"untreated_plus","dead",NA,NA,NA,NA,NA,NA,NA,NA,NA,NA,NA,NA,"",NA,NA,NA,NA,NA,NA,NA,NA,NA,NA,NA,NA,NA,NA,"no"
85,NA,NA,NA,NA,NA,NA,NA,NA,NA,NA,NA,NA,NA,NA,"",NA,NA,NA,NA,NA,NA,NA,NA,NA,NA,NA,NA,NA,NA,NA,NA,"treated_neg","dead",NA,NA,NA,NA,NA,NA,NA,NA,NA,NA,NA,NA,"",NA,NA,NA,NA,NA,NA,NA,NA,NA,NA,NA,NA,NA,NA,"no"
86,9,NA,1,NA,9,NA,0,NA,"","9/17/17","10/7/17",10,26,23,"",3.461,0.97,2.66,-29.88,43.38,0.768563998844265,12.5339497255129,1.82,2.96,2.02,0.2,0.33,0.189,NA,NA,"","treated_neg","good",NA,NA,28,14,23,NA,NA,NA,33,NA,NA,8,"",0.42975,0.10989010989011,0.111486486486486,0.0935643564356436,NA,0.10498031760408,56.0483870967742,1311.9,1353.86,41.96,"6.125","9.18731010",8392,0.109,"yes"
87,9,9,0,NA,0,NA,0,NA,"","9/16/17","10/28/17",18,60,49,"y",NA,NA,NA,NA,NA,NA,NA,3.22,2.58,2.47,0.399,0.347,0.334,NA,NA,"","treated_neg","good",NA,NA,69,25,40,NA,4,NA,126,NA,9,37,"",0.52,0.123913043478261,0.134496124031008,0.135222672064777,NA,0.131210613191349,NA,NA,NA,NA,NA,NA,NA,NA,"no"
88,9,9,0,NA,0,NA,0,NA,"","9/16/17","10/28/17",12,229,26,"",3.705,1.99,2.66,-29.29,43.07,0.717948717948718,11.6248313090418,4.03,3.28,2.2,0.432,0.332,0.27,NA,NA,"","untreated_plus","good",NA,NA,29,17,22,NA,NA,NA,33,NA,7,8,"",0.5085,0.107196029776675,0.101219512195122,0.122727272727273,NA,0.110380938233023,42.3387096774194,1304.38,1326.74,22.36,"NF","#VALUE!",4472,0,"no"
89,9,3,0.666666667,NA,9,NA,0,NA,"","9/17/17","10/28/17",6,22,21,"",3.98,1.24,2.49,-30.47,41.2,0.625628140703518,10.3517587939699,2.35,6.11,7.19,0.201,0.489,0.548,NA,NA,"","treated_neg","good",NA,NA,21,10,20,NA,NA,NA,22,NA,2,3,"",0.5595,0.085531914893617,0.0800327332242226,0.0762169680111266,NA,0.0805938720429887,52.4193548387097,1305.9,1332.35,26.45,"NF","#VALUE!",5290,0,"yes"
90,NA,NA,NA,NA,NA,NA,NA,NA,NA,NA,NA,7,19,16,"",3.118,0.89,2.87,-31.06,42,0.920461834509301,13.470173187941,1.66,4.59,0.84,0.192,0.564,0.104,1.9,0.196,"","treated_neg","good",NA,NA,19,12,15,NA,NA,NA,19,NA,3,1,"",0.465,0.11566265060241,0.122875816993464,0.123809523809524,0.103157894736842,0.11637647153556,57.1236559139785,1249.62,1277.94,28.32,"NF","#VALUE!",5664,0,"no"
91,9,9,0,NA,0,NA,0,NA,"","9/16/17","10/28/17",8,17,12,"",3.583,1.33,3.05,-30.25,41.14,0.851241975997767,11.4819983254256,2.77,1.59,1.93,0.36,0.197,0.232,NA,NA,"","controlNeg","good",NA,NA,15,11,11,NA,NA,NA,11,NA,2,1,"",0.44725,0.129963898916967,0.123899371069182,0.12020725388601,NA,0.124690174624053,51.2096774193548,1249.71,1267.8,18.09,"NF","#VALUE!",3618,0,"no"
92,NA,NA,NA,NA,NA,NA,NA,NA,NA,NA,NA,27,53,51,"y",4.338,-2.3,3.8,-28.97,39.58,0.875979714153988,9.12402028584601,2.4,3.61,7.87,0.27,0.54,0.656,NA,NA,"","untreated_neg","good",NA,NA,50,25,43,NA,4,NA,85,NA,4,15,"",0.6165,0.1125,0.149584487534626,0.0833545108005083,NA,0.115146332778378,100,1240.82,1296.68,55.86,"NF","#VALUE!",11172,0,"no"
93,NA,NA,NA,NA,NA,NA,NA,NA,NA,NA,NA,NA,NA,NA,"",NA,NA,NA,NA,NA,NA,NA,NA,NA,NA,NA,NA,NA,NA,NA,NA,"untreated_plus","dead",NA,NA,NA,NA,NA,NA,NA,NA,NA,NA,NA,NA,"",NA,NA,NA,NA,NA,NA,NA,NA,NA,NA,NA,NA,NA,NA,"no"
94,NA,NA,NA,NA,NA,NA,NA,NA,NA,NA,NA,6,6,5,"",NA,NA,NA,NA,NA,NA,NA,NA,NA,NA,NA,NA,NA,NA,NA,NA,"untreated_neg","dontuse",NA,NA,7,7,5,NA,NA,NA,3,NA,NA,NA,"",NA,NA,NA,NA,NA,NA,NA,NA,NA,NA,NA,NA,NA,NA,"no"
95,NA,NA,NA,NA,NA,NA,NA,NA,NA,NA,NA,9,12,7,"",NA,NA,NA,NA,NA,NA,NA,4.94,4.46,4.07,0.513,0.448,0.548,NA,NA,"","treated_controlneg","dontuse",NA,NA,12,9,6,NA,NA,NA,3,NA,NA,NA,"",0.62725,0.103846153846154,0.100448430493274,0.134643734643735,NA,0.112979439661054,NA,NA,NA,NA,NA,NA,NA,NA,"no"
96,NA,NA,NA,NA,NA,NA,NA,NA,NA,NA,NA,11,16,11,"",3.546,1.46,3.49,-29.83,41.61,0.984207557811619,11.7343485617597,4.89,5.91,2.51,0.415,0.412,0.217,NA,NA,"","treated_plus","good",NA,NA,15,10,15,NA,NA,NA,8,NA,NA,NA,"",0.511,0.0848670756646217,0.0697123519458545,0.0864541832669323,NA,0.0803445369591361,49.4623655913978,1321.25,1356.49,35.24,"NF","#VALUE!",7048,0,"no"
97,8,6,0.25,NA,0,NA,0,NA,"","9/17/17","10/11/17",15,28,28,"",3.409,0.81,2.75,-29.71,43.84,0.806688178351423,12.8600762687005,3.12,3.98,4.05,0.297,0.459,0.515,NA,NA,"","treated_plus","good",NA,NA,26,17,21,NA,NA,NA,44,NA,1,7,"yes",0.56775,0.0951923076923077,0.115326633165829,0.12716049382716,NA,0.112559811561766,58.1989247311828,1285.26,1326.82,41.56,"NF","#VALUE!",8312,0,"no"
98,NA,NA,NA,NA,NA,NA,NA,NA,NA,NA,NA,14,22,21,"y",4.091,3.51,4.86,-29.98,44.47,1.18797360058665,10.8702028843803,3.87,3.01,2.28,0.524,0.502,0.356,NA,NA,"","treated_controlneg","good",NA,NA,18,14,17,NA,NA,NA,20,NA,1,3,"",0.5955,0.135400516795866,0.166777408637874,0.156140350877193,NA,0.152772758770311,21.9086021505376,1234.05,1276.15,42.1,"NF","#VALUE!",8420,0,"no"
99,NA,NA,NA,NA,NA,NA,NA,NA,NA,NA,NA,13,26,21,"",4.094,1.53,3.06,-30.96,42.83,0.747435271128481,10.4616511968735,2.53,2.73,2.22,0.364,0.31,0.341,NA,NA,"","treated_plus","good",NA,NA,22,16,22,NA,NA,NA,43,NA,2,9,"",0.50375,0.143873517786561,0.113553113553114,0.153603603603604,NA,0.137010078314426,48.5215053763441,1296.79,1342.7,45.91,"2.920","4.38045961",9182,0.048,"no"
100,9,9,0,NA,0,NA,0,NA,"","9/16/17","10/28/17",11,30,26,"",NA,-0.05,NA,-30.525,NA,1.07114345098763,11.1952434308538,2.21,2.47,1.97,0.217,0.351,0.278,NA,NA,"","untreated_neg","good",NA,NA,26,11,19,NA,NA,NA,23,NA,1,8,"",0.4615,0.0981900452488688,0.142105263157895,0.141116751269036,NA,0.127137353225266,69.758064516129,1286.01,1313.55,27.54,"NF","#VALUE!",5508,0,"no"
101,NA,NA,NA,NA,NA,NA,NA,NA,NA,NA,NA,NA,NA,NA,"",NA,NA,NA,NA,NA,NA,NA,NA,NA,NA,NA,NA,NA,NA,NA,NA,"treated_controlplus","dead",NA,NA,NA,NA,NA,NA,NA,NA,NA,NA,NA,NA,"",NA,NA,NA,NA,NA,NA,NA,NA,NA,NA,NA,NA,NA,NA,"no"
102,10,10,0,NA,0,NA,0,NA,"","9/16/17","10/28/17",14,33,27,"",4.112,2.68,4.39,-29.5,44.43,1.06760700389105,10.8049610894942,4.35,2.93,3.32,0.498,0.29,0.381,NA,NA,"","treated_controlneg","good",NA,NA,30,14,30,NA,NA,NA,27,NA,1,11,"",0.54225,0.11448275862069,0.0989761092150171,0.114759036144578,NA,0.109405967993428,33.0645161290323,1244.29,1273.28,28.99,"NF","#VALUE!",5798,0,"no"
103,9,9,0,NA,0,NA,0,0,"","9/16/17","10/28/17",6,17,15,"",3.291,0.94,3.02,-29,44.24,0.917654208447281,13.4427225767244,1.41,1.06,1.29,0.171,0.134,0.138,NA,NA,"","treated_neg","good",NA,NA,14,11,14,NA,NA,NA,23,NA,NA,12,"yes",0.36075,0.121276595744681,0.126415094339623,0.106976744186047,NA,0.11822281142345,56.4516129032258,1250.14,1255.24,5.1,"NF","#VALUE!",1020,0,"no"
104,11,11,0,NA,0,NA,0,NA,"","9/16/17","10/28/17",8,27,16,"",4.098,1.92,3.12,-29.88,45.1,0.761346998535871,11.0053684724256,2.53,2.07,2.68,0.294,0.218,0.291,NA,NA,"","untreated_plus","good",NA,NA,20,13,22,NA,NA,NA,43,NA,NA,9,"",0.45075,0.116205533596838,0.105314009661836,0.108582089552239,NA,0.110033877603638,43.2795698924731,1244.31,1282.76,38.45,"NF","#VALUE!",7690,0,"no"
105,NA,NA,NA,NA,NA,NA,NA,NA,NA,NA,NA,NA,NA,NA,"",NA,NA,NA,NA,NA,NA,NA,NA,NA,NA,NA,NA,NA,NA,NA,NA,"controlNeg","dead",NA,NA,NA,NA,NA,NA,NA,NA,NA,NA,NA,NA,"yes",NA,NA,NA,NA,NA,NA,NA,NA,NA,NA,NA,NA,NA,NA,"no"
106,NA,NA,NA,NA,NA,NA,NA,NA,NA,NA,NA,17,55,49,"y",3.626,-1.08,4.5,-27.85,44.87,1.24103695532267,12.3745173745174,3.72,0.98,2.58,0.567,0.14,0.37,NA,NA,"","untreated_plus","good",NA,NA,54,19,45,NA,NA,NA,211,NA,15,68,"",0.51925,0.15241935483871,0.142857142857143,0.143410852713178,NA,0.14622911680301,83.6021505376344,1308.05,1331.49,23.44,"NF","#VALUE!",4688,0,"no"
107,NA,NA,NA,NA,NA,NA,NA,NA,NA,NA,NA,NA,NA,NA,"",NA,NA,NA,NA,NA,NA,NA,NA,NA,NA,NA,NA,NA,NA,NA,NA,"untreated_plus","dead",NA,NA,NA,NA,NA,NA,NA,NA,NA,NA,NA,NA,"",NA,NA,NA,NA,NA,NA,NA,NA,NA,NA,NA,NA,NA,NA,"no"
108,9,2,0.777777778,NA,0,7,7,1,"brown fuzzy","9/17/17","10/28/17",14,25,21,"",3.48,2.86,2.61,-29.44,41.46,0.75,11.9137931034483,2.97,1.83,4.44,0.333,0.281,0.621,NA,NA,"","untreated_neg","good",NA,NA,24,16,20,NA,NA,NA,38,NA,1,7,"",0.55875,0.112121212121212,0.153551912568306,0.139864864864865,NA,0.135179329851461,30.6451612903226,1240.25,1287.1,46.85,"3.932","5.89781815",9370,0.063,"yes"
109,9,0,1,2,0,5,7,2,"was the pretty black blue fungus from A. tridentata that is in the heart shaped culture ","9/17/17","10/7/17",10,11,10,"",3.648,1.69,1.83,-30.4,41.69,0.501644736842105,11.4281798245614,NA,NA,NA,NA,NA,NA,NA,NA,NA,"untreated_plus","good",NA,NA,12,12,7,NA,NA,NA,10,NA,NA,NA,"",NA,NA,NA,NA,NA,NA,46.3709677419355,1321.35,1336.59,15.24,"NF","#VALUE!",3048,0,"no"
109,9,9,0,NA,0,NA,0,NA,"","9/16/17","10/28/17",10,11,10,"",3.648,1.69,1.83,-30.4,41.69,0.501644736842105,11.4281798245614,NA,NA,NA,NA,NA,NA,NA,NA,NA,"untreated_plus","good",NA,NA,12,12,7,NA,NA,NA,10,NA,NA,NA,"",NA,NA,NA,NA,NA,NA,46.3709677419355,1321.35,1336.59,15.24,"NF","#VALUE!",3048,0,"no"
110,13,13,0,NA,0,NA,0,NA,"","9/16/17","10/7/17",6,15,15,"",3.258,2.81,3.71,-30.55,41.67,1.13873542050338,12.7900552486188,3.03,3.05,2.61,0.344,0.284,0.286,NA,NA,"","untreated_neg","good",NA,NA,15,10,15,NA,NA,NA,7,NA,4,NA,"",0.4785,0.113531353135314,0.0931147540983606,0.109578544061303,NA,0.105408217098326,31.3172043010753,1312.24,1329.78,17.54,"NF","#VALUE!",3508,0,"no"
111,9,8,0.111111111,NA,0,1,1,1,"yellow slime","9/17/17","10/28/17",8,15,13,"",3.79,2.12,2.48,-30.1,41.45,0.654353562005277,10.9366754617414,1.64,3.52,3.45,0.145,0.303,0.233,1.09,0.107,"","treated_controlneg","good",NA,NA,10,12,9,NA,NA,NA,4,NA,1,NA,"",0.42025,0.0884146341463415,0.0860795454545455,0.067536231884058,0.0981651376146789,0.0850488872749059,40.5913978494624,1312.07,1342.02,29.95,"NF","#VALUE!",5990,0,"no"
112,8,8,0,NA,0,NA,0,NA,"contam","9/17/17","10/11/17",14,21,18,"",NA,0.13,NA,-29.83,NA,0.606676517170889,12.9538107317845,3.11,1.92,2.22,0.356,0.167,0.196,NA,NA,"","untreated_plus","good",NA,NA,21,17,15,NA,NA,NA,31,NA,NA,3,"",0.42975,0.114469453376206,0.0869791666666667,0.0882882882882883,NA,0.0965789694437203,67.3387096774194,1312.08,1346.38,34.3,"NF","#VALUE!",6860,0,"no"
113,10,10,0,NA,0,NA,0,0,"","9/16/17","10/28/17",14,18,17,"",4.586,0.63,2.16,-30.23,42.39,0.470998691670301,9.24334932402965,2.26,2.04,4.56,0.218,0.209,0.393,NA,NA,"","untreated_neg","good",NA,NA,16,16,15,NA,NA,NA,28,NA,NA,1,"",0.455,0.0964601769911504,0.102450980392157,0.0861842105263158,NA,0.0950317893032077,60.6182795698925,1249.6,1287.4,37.8,"NF","#VALUE!",7560,0,"no"
114,9,1,0.888888889,1,6,1,2,2,"unk. was bright yellow and fuzzy","9/17/17","10/7/17",8,14,9,"",4.051,2.04,4.26,-30.05,43.65,1.05159219945692,10.7751172549988,3.08,2.27,2.14,0.243,0.231,0.244,NA,NA,"","treated_controlplus","good",NA,NA,16,9,13,NA,NA,NA,7,NA,5,NA,"",0.4295,0.0788961038961039,0.101762114537445,0.114018691588785,NA,0.0982256366741113,41.6666666666667,1240.99,1258.77,17.78,"0.053","0.07877069",3556,0.002,"no"
115,NA,NA,NA,NA,NA,NA,NA,NA,NA,NA,NA,10,15,13,"",NA,NA,NA,NA,NA,NA,NA,3.79,4.14,2.58,0.489,0.464,0.336,NA,NA,"","treated_neg","good",NA,NA,13,15,12,NA,NA,NA,9,NA,2,2,"",0.57225,0.129023746701847,0.11207729468599,0.130232558139535,NA,0.123777866509124,NA,NA,NA,NA,NA,NA,NA,NA,"no"
116,NA,NA,NA,NA,NA,NA,NA,NA,NA,NA,NA,7,17,15,"",NA,NA,NA,NA,NA,NA,NA,1.65,3.75,2.63,0.158,0.337,0.2,NA,NA,"","treated_neg","good",NA,NA,14,9,13,NA,NA,NA,9,NA,NA,2,"",0.42375,0.0957575757575758,0.0898666666666667,0.0760456273764259,NA,0.0872232899335561,NA,NA,NA,NA,NA,NA,NA,NA,"no"
117,NA,NA,NA,NA,NA,NA,NA,NA,NA,NA,NA,10,17,11,"",3.867,0.87,1.8,-30.08,41.55,0.465477114041893,10.744763382467,2.23,3.99,2.66,0.21,0.357,0.251,NA,NA,"","treated_neg","good",NA,NA,15,14,11,NA,NA,NA,13,NA,2,3,"",0.4545,0.0941704035874439,0.0894736842105263,0.0943609022556391,NA,0.0926683300178698,57.3924731182796,1307.44,1338.31,30.87,"NF","#VALUE!",6174,0,"no"
118,9,NA,1,NA,9,NA,0,NA,"","9/17/17","10/7/17",7,10,9,"",3.404,3.39,3.33,-29.9,41.87,0.978260869565217,12.3002350176263,5.61,2.94,4.63,0.421,0.247,0.354,NA,NA,"","treated_plus","good",NA,NA,11,10,10,NA,NA,NA,4,NA,NA,1,"",0.5055,0.0750445632798574,0.0840136054421769,0.0764578833693304,NA,0.0785053506971216,23.5215053763441,1285.11,1294.8,9.69,"0.696","1.04350725",1938,0.054,"no"
119,NA,NA,NA,NA,NA,NA,NA,NA,NA,NA,NA,10,13,12,"",NA,NA,NA,NA,NA,NA,NA,1.57,2.23,3.33,0.198,0.21,0.303,NA,NA,"","treated_plus","good",NA,NA,13,12,10,NA,NA,NA,6,NA,1,1,"",0.42775,0.126114649681529,0.0941704035874439,0.090990990990991,NA,0.103758681419988,NA,NA,NA,NA,NA,NA,NA,NA,"no"
120,NA,NA,NA,NA,NA,NA,NA,NA,NA,NA,NA,5,9,9,"",NA,NA,NA,NA,NA,NA,NA,NA,NA,NA,NA,NA,NA,NA,NA,NA,"untreated_plus","good",NA,NA,8,5,6,NA,NA,NA,2,NA,2,NA,"",NA,NA,NA,NA,NA,NA,NA,NA,NA,NA,NA,NA,NA,NA,"no"
121,9,NA,1,NA,9,NA,0,NA,"had black spore contam, also some yellow fuzz","9/17/17","10/7/17",7,9,9,"",3.132,2.21,2.91,-29.97,43.45,0.92911877394636,13.8729246487867,4.2,2.93,3.66,0.317,0.263,0.3,NA,NA,"","treated_controlplus","good",NA,NA,9,10,8,NA,NA,NA,2,NA,NA,NA,"",0.47,0.0754761904761905,0.0897610921501707,0.0819672131147541,NA,0.0824014985803717,39.3817204301075,1312.23,1322.77,10.54,"0.804","1.20633165",2108,0.057,"no"
122,9,0,1,NA,9,NA,0,NA,"","9/16/17","10/7/17",8,10,9,"",3.387,1.13,2.92,-30.77,43.18,0.862119870091526,12.7487452022439,3.51,2.11,3.53,0.361,0.282,0.342,NA,NA,"","treated_plus","good",NA,NA,12,11,11,NA,NA,NA,7,NA,NA,NA,"",0.49625,0.102849002849003,0.133649289099526,0.0968838526912181,NA,0.111127381546582,53.8978494623656,1244.84,1262.87,18.03,"1.473","2.21001699",3606,0.061,"no"
123,7,0,1,2,0,6,8,2,"","","10/7/17",17,50,43,"",3.969,-2.28,5.18,-28.6,48.02,1.30511463844797,12.0987654320988,2.37,5.38,2.23,0.248,0.522,0.349,NA,NA,"","untreated_neg","good",NA,NA,52,23,44,NA,NA,NA,204,NA,16,NA,"",0.52975,0.10464135021097,0.0970260223048327,0.156502242152466,NA,0.11938987155609,99.7311827956989,1307.56,1336.55,28.99,"NF","#VALUE!",5798,0,"no"
124,16,16,0,NA,0,NA,0,NA,"","9/16/17","10/28/17",12,19,16,"",NA,0.945,NA,-29.56,NA,0.839585122195029,12.23146675785,2.93,2.15,2.64,0.23,0.196,0.242,NA,NA,"","treated_plus","good",NA,NA,18,11,14,NA,NA,NA,16,NA,NA,3,"",0.417,0.0784982935153584,0.0911627906976744,0.0916666666666667,NA,0.0871092502932331,56.3844086021505,1240.69,1266.83,26.14,"NF","#VALUE!",5228,0,"no"
125,NA,NA,NA,NA,NA,NA,NA,NA,NA,NA,NA,NA,NA,NA,"",NA,NA,NA,NA,NA,NA,NA,NA,NA,NA,NA,NA,NA,NA,NA,NA,"controlNeg","dead",NA,NA,NA,NA,NA,NA,NA,NA,NA,NA,NA,NA,"",NA,NA,NA,NA,NA,NA,NA,NA,NA,NA,NA,NA,NA,NA,"no"
126,8,0,1,3,0,5,8,3,"","9/17/17","10/7/17",10,21,17,"",NA,NA,NA,NA,NA,NA,NA,6.48,3.15,4.38,0.544,0.345,0.419,NA,NA,"","treated_plus","good",NA,NA,20,13,14,NA,NA,NA,15,NA,NA,5,"",0.577,0.0839506172839506,0.10952380952381,0.095662100456621,NA,0.0963788424214604,NA,NA,NA,NA,NA,NA,NA,NA,"no"
127,18,18,0,NA,0,NA,0,NA,"","9/16/17","10/28/17",19,53,45,"",3.322,0.98,4.83,-29.58,44.38,1.45394340758579,13.3594220349187,4.52,10.75,2.72,0.615,0.934,0.426,NA,NA,"","untreated_neg","good",NA,NA,54,27,47,NA,NA,NA,140,NA,NA,22,"yes",0.74375,0.136061946902655,0.0868837209302326,0.156617647058824,NA,0.126521104963904,55.9139784946237,1233.45,1266.47,33.02,"NF","#VALUE!",6604,0,"no"
128,NA,NA,NA,NA,NA,NA,NA,NA,NA,NA,NA,9,11,10,"",NA,NA,NA,NA,NA,NA,NA,3.37,5.35,3.97,0.242,0.418,0.295,NA,NA,"","treated_controlneg","weak",NA,NA,13,7,8,NA,NA,NA,5,NA,NA,NA,"",0.48875,0.0718100890207715,0.0781308411214953,0.0743073047858942,NA,0.0747494116427204,NA,NA,NA,NA,NA,NA,NA,NA,"no"
129,NA,NA,NA,NA,NA,NA,NA,NA,NA,NA,NA,10,11,9,"",3.577,1.24,3.3,-29.86,43.76,0.922560805143975,12.2337154039698,4.62,3.42,4.58,0.376,0.452,0.408,NA,NA,"","treated_plus","good",NA,NA,15,13,13,NA,NA,NA,5,NA,2,NA,"",0.559,0.0813852813852814,0.132163742690058,0.0890829694323144,NA,0.100877331169218,52.4193548387097,1286.45,1310.72,24.27,"2.208","3.31271860",4854,0.068,"no"
130,NA,NA,NA,NA,NA,NA,NA,NA,NA,NA,NA,7,9,7,"",NA,NA,NA,NA,NA,NA,NA,NA,NA,NA,NA,NA,NA,NA,NA,NA,"untreated_plus","dontuse",NA,NA,8,6,6,NA,NA,NA,2,NA,NA,NA,"",NA,NA,NA,NA,NA,NA,NA,NA,NA,NA,NA,NA,NA,NA,"no"
131,9,9,0,NA,0,NA,0,NA,"","9/16/17","10/28/17",9,11,10,"",3.049,1.67,3.96,-30.39,41.08,1.29878648737291,13.4732699245654,2.34,1.77,1.02,0.299,0.275,0.181,NA,NA,"","untreated_neg","good",NA,NA,14,12,14,NA,NA,NA,7,NA,2,3,"",0.43875,0.127777777777778,0.155367231638418,0.177450980392157,NA,0.153531996602784,46.6397849462366,1249.71,1257.97,8.26,"NF","#VALUE!",1652,0,"no"
132,NA,NA,NA,NA,NA,NA,NA,NA,NA,NA,NA,5,9,7,"",NA,NA,NA,NA,NA,NA,NA,1.4,0.7,0.88,0.142,0.061,0.08,NA,NA,"","untreated_neg","dontuse",NA,NA,8,6,5,NA,NA,NA,0,NA,NA,NA,"",0.32075,0.101428571428571,0.0871428571428571,0.0909090909090909,NA,0.0931601731601732,NA,NA,NA,NA,NA,NA,NA,NA,"no"
133,8,8,0,NA,0,NA,0,NA,"","9/16/17","10/28/17",12,29,21,"",3.8,-1.55,3.66,-29.99,45.61,0.963157894736842,12.0026315789474,2.64,1.69,2.28,0.281,0.218,0.245,NA,NA,"","treated_neg","good",NA,NA,26,11,17,NA,NA,NA,35,NA,NA,NA,"",0.436,0.106439393939394,0.128994082840237,0.107456140350877,NA,0.114296539043503,89.9193548387097,1244.57,1271.8,27.23,"NF","#VALUE!",5446,0,"no"
134,9,4,0.555555556,NA,0,NA,0,1,"","9/17/17","10/28/17",5,17,15,"",3.984,1.21,2.31,-29.24,42.21,0.579819277108434,10.5948795180723,1.69,1.91,1.93,0.135,0.118,0.125,NA,NA,"","treated_plus","good",NA,NA,15,9,14,NA,NA,NA,9,NA,NA,3,"",0.3445,0.0798816568047337,0.0617801047120419,0.0647668393782384,NA,0.0688095336316713,52.8225806451613,1307.91,1337.03,29.12,"NF","#VALUE!",5824,0,"no"
134,9,4,0.555555556,NA,0,NA,0,1,"","9/17/17","10/28/17",5,17,15,"",3.984,1.21,2.31,-29.24,42.21,0.579819277108434,10.5948795180723,1.67,2.56,1.78,0.181,0.246,0.189,NA,NA,"","treated_plus","good",NA,NA,15,9,14,NA,NA,NA,9,NA,NA,3,"",0.404,0.108383233532934,0.09609375,0.106179775280899,NA,0.103552252937944,52.8225806451613,1307.91,1337.03,29.12,"NF","#VALUE!",5824,0,"no"
135,15,15,0,NA,0,NA,0,NA,"","9/16/17","10/28/17",NA,NA,NA,"",NA,NA,NA,NA,NA,NA,NA,NA,NA,NA,NA,NA,NA,NA,NA,NA,"controlplus","dead",NA,NA,NA,NA,NA,NA,NA,NA,NA,NA,NA,NA,"",NA,NA,NA,NA,NA,NA,NA,NA,NA,NA,NA,NA,NA,NA,"no"
136,9,NA,1,1,9,NA,1,NA,"","9/17/17","10/7/17",11,19,15,"",3.56,1.3,2.48,-30.33,40.09,0.696629213483146,11.2612359550562,3.5,3.33,1.94,0.3,0.323,0.181,NA,NA,"","untreated_plus","good",NA,NA,15,13,12,NA,NA,NA,12,NA,1,3,"",0.451,0.0857142857142857,0.096996996996997,0.093298969072165,NA,0.0920034172611492,51.6129032258064,1233.82,1282.5,48.68,"7.598","11.39640851",9736,0.117,"no"
137,NA,NA,NA,NA,NA,NA,NA,NA,NA,NA,NA,NA,NA,NA,"",NA,NA,NA,NA,NA,NA,NA,NA,NA,NA,NA,NA,NA,NA,NA,NA,"controlplus","dead",NA,NA,NA,NA,NA,NA,NA,NA,NA,NA,NA,NA,"",NA,NA,NA,NA,NA,NA,NA,NA,NA,NA,NA,NA,NA,NA,"no"
138,NA,NA,NA,NA,NA,NA,NA,NA,NA,NA,NA,NA,NA,NA,"",NA,NA,NA,NA,NA,NA,NA,NA,NA,NA,NA,NA,NA,NA,NA,NA,"treated_controlplus","dead",NA,NA,NA,NA,NA,NA,NA,NA,NA,NA,NA,NA,"",NA,NA,NA,NA,NA,NA,NA,NA,NA,NA,NA,NA,NA,NA,"no"
139,18,4,0.777777778,NA,0,1,1,1,"fuzzy tan","9/16/17","10/28/17",20,56,52,"y",3.754,0.2,5.2,-28.41,46.23,1.38518913159297,12.3148641449121,5.4,11.23,4.56,0.544,0.96,0.461,NA,NA,"","untreated_plus","good",NA,NA,47,16,40,NA,4,NA,140,NA,17,16,"",0.74125,0.100740740740741,0.0854853072128228,0.10109649122807,NA,0.0957741797272112,66.3978494623656,1232.71,1283.13,50.42,"2.058","3.08642865",10084,0.031,"no"
140,NA,NA,NA,NA,NA,NA,NA,NA,NA,NA,NA,26,50,48,"",3.425,2.87,4.52,-27.86,44.37,1.31970802919708,12.9547445255474,5.83,12.23,7.26,0.467,0.785,0.676,NA,NA,"","untreated_neg","good",NA,NA,51,24,49,NA,NA,NA,103,NA,12,NA,"",0.732,0.0801029159519726,0.0641864268192968,0.0931129476584022,NA,0.0791340968098905,30.510752688172,1241.04,1289.77,48.73,"NF","#VALUE!",9746,0,"no"
141,NA,NA,NA,NA,NA,NA,NA,NA,NA,NA,NA,NA,NA,NA,"",NA,NA,NA,NA,NA,NA,NA,NA,NA,NA,NA,NA,NA,NA,NA,NA,"treated_controlplus","dead",NA,NA,NA,NA,NA,NA,NA,NA,NA,NA,NA,NA,"",NA,NA,NA,NA,NA,NA,NA,NA,NA,NA,NA,NA,NA,NA,"no"
142,NA,NA,NA,NA,NA,NA,NA,NA,NA,NA,NA,9,13,10,"",NA,NA,NA,NA,NA,NA,NA,1.09,1.82,2.77,0.126,0.161,0.286,NA,NA,"","treated_controlplus","weak",NA,NA,10,10,8,NA,NA,NA,4,NA,NA,NA,"",0.39325,0.115596330275229,0.0884615384615385,0.103249097472924,NA,0.102435655403231,NA,NA,NA,NA,NA,NA,NA,NA,"no"
143,NA,NA,NA,NA,NA,NA,NA,NA,NA,NA,NA,NA,NA,NA,"",NA,NA,NA,NA,NA,NA,NA,NA,NA,NA,NA,NA,NA,NA,NA,NA,"untreated_plus","dead",NA,NA,NA,NA,NA,NA,NA,NA,NA,NA,NA,NA,"",NA,NA,NA,NA,NA,NA,NA,NA,NA,NA,NA,NA,NA,NA,"no"
144,11,0,1,NA,11,NA,0,NA,"","","",12,22,18,"",3.206,0.88,2.09,-30.23,41.92,0.651902682470368,13.0754834684966,1.68,1.65,2.61,0.165,0.192,0.272,NA,NA,"","treated_plus","good",NA,NA,19,13,16,NA,NA,NA,28,NA,2,NA,"",0.40725,0.0982142857142857,0.116363636363636,0.104214559386973,NA,0.106264160488298,57.258064516129,1286.37,1304.19,17.82,"1.396","2.09330404",3564,0.059,"no"
144,11,NA,1,11,NA,NA,11,NA,"fuzzy grayer","9/17/17","10/7/17",12,22,18,"",3.206,0.88,2.09,-30.23,41.92,0.651902682470368,13.0754834684966,1.68,1.65,2.61,0.165,0.192,0.272,NA,NA,"","treated_plus","good",NA,NA,19,13,16,NA,NA,NA,28,NA,2,NA,"",0.40725,0.0982142857142857,0.116363636363636,0.104214559386973,NA,0.106264160488298,57.258064516129,1286.37,1304.19,17.82,"1.396","2.09330404",3564,0.059,"no"
145,NA,NA,NA,NA,NA,NA,NA,NA,NA,NA,NA,7,10,9,"",NA,NA,NA,NA,NA,NA,NA,3.62,2.04,3.48,0.29,0.234,0.248,NA,NA,"","treated_controlplus","weak",NA,NA,9,8,9,NA,NA,NA,4,NA,NA,NA,"",0.443,0.0801104972375691,0.114705882352941,0.071264367816092,NA,0.0886935824688674,NA,NA,NA,NA,NA,NA,NA,NA,"no"
146,9,NA,NA,NA,NA,NA,NA,1,"","9/17/17","10/7/17",14,38,36,"y",3.494,-1.26,3.33,-29.61,44.06,0.953062392673154,12.610188895249,1.95,1.81,2.97,0.207,0.239,0.264,NA,NA,"","treated_neg","good",NA,NA,37,13,36,NA,1,NA,64,NA,1,3,"",0.4275,0.106153846153846,0.132044198895028,0.0888888888888889,NA,0.109028977979254,86.0215053763441,1285.95,1329.55,43.6,"NF","#VALUE!",8720,0,"no"
147,NA,NA,NA,NA,NA,NA,NA,NA,NA,NA,NA,9,16,14,"",3.065,0.93,2.08,-30.34,41.58,0.67862969004894,13.5660685154976,1.51,1.73,2.36,0.174,0.184,0.195,NA,NA,"","treated_plus","good",NA,NA,16,11,13,NA,NA,NA,17,NA,NA,4,"",0.38825,0.11523178807947,0.10635838150289,0.0826271186440678,NA,0.101405762742143,56.5860215053764,1241.35,1267.84,26.49,"NF","#VALUE!",5298,0,"no"
148,9,9,0,NA,0,NA,0,NA,"","9/16/17","10/28/17",8,18,18,"",3.168,0.91,1.9,-29.54,44.29,0.599747474747475,13.9804292929293,1.9,2.4,1.66,0.19,0.169,0.174,NA,NA,"","untreated_plus","good",NA,NA,15,13,13,NA,NA,NA,17,NA,1,NA,"",0.38325,0.1,0.0704166666666667,0.104819277108434,NA,0.0917453145917001,56.8548387096774,1312.25,1350.7,38.45,"NF","#VALUE!",7690,0,"no"
149,NA,NA,NA,NA,NA,NA,NA,NA,NA,NA,NA,6,4,4,"",NA,NA,NA,NA,NA,NA,NA,NA,NA,NA,NA,NA,NA,NA,NA,NA,"controlNeg","dontuse",NA,NA,7,7,4,NA,NA,NA,1,NA,NA,NA,"",NA,NA,NA,NA,NA,NA,NA,NA,NA,NA,NA,NA,NA,NA,"no"
150,NA,NA,NA,NA,NA,NA,NA,NA,NA,NA,NA,13,25,24,"",NA,NA,NA,NA,NA,NA,NA,2.86,1.91,2.3,0.272,0.169,0.26,NA,NA,"","treated_neg","good",NA,NA,21,15,20,NA,NA,NA,27,NA,NA,NA,"",0.42525,0.0951048951048951,0.0884816753926702,0.11304347826087,NA,0.0988766829194783,NA,NA,NA,NA,NA,NA,NA,NA,"no"
151,NA,NA,NA,NA,NA,NA,NA,NA,NA,NA,NA,5,12,9,"",NA,NA,NA,NA,NA,NA,NA,4.36,4.49,3.41,0.25,0.286,0.282,NA,NA,"","untreated_plus","weak",NA,NA,10,8,8,NA,NA,NA,5,NA,NA,NA,"",0.4545,0.0573394495412844,0.0636971046770601,0.0826979472140762,NA,0.0679115004774736,NA,NA,NA,NA,NA,NA,NA,NA,"no"
152,8,8,0,NA,0,NA,0,NA,"","9/16/17","10/28/17",19,47,32,"",3.288,-1.32,2.63,-28.98,42.66,0.799878345498783,12.9744525547445,2.75,2,3.09,0.269,0.292,0.279,NA,NA,"","treated_neg","good",NA,NA,40,20,24,NA,2,NA,81,NA,3,8,"",0.46,0.0978181818181818,0.146,0.0902912621359223,NA,0.111369814651368,86.8279569892473,1307.49,1348.95,41.46,"NF","#VALUE!",8292,0,"no"
153,NA,NA,NA,NA,NA,NA,NA,NA,NA,NA,NA,33,57,53,"y",3.109,-0.89,4.05,-28.56,43,1.30266966870376,13.8308137664844,7.3,4.68,5.41,0.747,0.492,0.667,NA,NA,"","treated_plus","good",NA,NA,52,34,46,NA,NA,NA,82,NA,6,NA,"",0.7265,0.102328767123288,0.105128205128205,0.123290203327172,NA,0.110249058526222,81.0483870967742,1240.7,1281.95,41.25,"NF","#VALUE!",8250,0,"no"
154,NA,NA,NA,NA,NA,NA,NA,NA,NA,NA,NA,13,21,16,"",NA,NA,NA,NA,NA,NA,NA,NA,NA,NA,NA,NA,NA,NA,NA,NA,"treated_plus","good",NA,NA,21,15,13,NA,NA,NA,16,NA,3,NA,"",NA,NA,NA,NA,NA,NA,NA,NA,NA,NA,NA,NA,NA,NA,"no"
155,12,12,0,NA,0,NA,0,NA,"","9/16/17","10/28/17",16,35,33,"",3.129,-1.19,4.24,-28.37,43.45,1.35506551613934,13.8862256311921,4.75,4.55,2.26,0.471,0.549,0.253,NA,NA,"","treated_neg","good",NA,NA,24,15,29,NA,NA,NA,58,NA,NA,15,"",0.56825,0.0991578947368421,0.120659340659341,0.111946902654867,NA,0.110588046017017,85.0806451612903,1320.93,1357.72,36.79,"NF","#VALUE!",7358,0,"no"
156,10,10,0,NA,0,NA,0,NA,"","9/16/17","10/28/17",27,67,62,"",4.1,4.2,4.61,-28.57,45.1,1.12439024390244,11,5.25,5.14,2.49,0.645,0.566,0.335,NA,NA,"","untreated_neg","good",NA,NA,63,28,59,NA,NA,NA,161,NA,NA,14,"",0.6365,0.122857142857143,0.11011673151751,0.134538152610442,NA,0.122504008995031,12.6344086021505,1298.5,1333.58,35.08,"NF","#VALUE!",7016,0,"no"
157,12,12,0,NA,0,NA,0,NA,"","9/16/17","10/28/17",15,42,33,"y",3.942,0.44,4.48,-30.11,47.49,1.13647894469812,12.0471841704718,2.57,2.2,3,0.45,0.378,0.498,NA,NA,"","treated_neg","good",NA,NA,38,18,32,NA,NA,NA,49,NA,NA,7,"",0.5815,0.175097276264591,0.171818181818182,0.166,NA,0.170971819360924,63.1720430107527,1320.89,1365.09,44.2,"NF","#VALUE!",8840,0,"no"
158,NA,NA,NA,NA,NA,NA,NA,NA,NA,NA,NA,NA,NA,NA,"",NA,NA,NA,NA,NA,NA,NA,NA,NA,NA,NA,NA,NA,NA,NA,NA,"treated_controlplus","dead",NA,NA,NA,NA,NA,NA,NA,NA,NA,NA,NA,NA,"",NA,NA,NA,NA,NA,NA,NA,NA,NA,NA,NA,NA,NA,NA,"no"
159,NA,NA,NA,NA,NA,NA,NA,NA,NA,NA,NA,13,27,26,"",NA,NA,NA,NA,NA,NA,NA,2.69,2.75,3.91,0.357,0.371,0.48,NA,NA,"","treated_plus","good",NA,NA,22,14,21,NA,NA,NA,24,NA,NA,10,"",0.552,0.13271375464684,0.134909090909091,0.122762148337596,NA,0.130128331297842,NA,NA,NA,NA,NA,NA,NA,NA,"no"
160,13,13,0,NA,0,NA,0,NA,"","9/16/17","10/28/17",11,22,19,"",3.211,2.03,3.62,-29.94,43.36,1.12737464964186,13.5035814388041,1.89,2.19,1.48,0.318,0.3,0.182,NA,NA,"","untreated_plus","good",NA,NA,19,12,16,NA,NA,NA,18,NA,1,5,"",0.45,0.168253968253968,0.136986301369863,0.122972972972973,NA,0.142737747532268,41.8010752688172,1286.52,1325.47,38.95,"3.218","4.82726070",7790,0.062,"no"
161,14,14,0,NA,0,NA,0,NA,"","9/16/17","10/28/17",11,28,28,"",3.624,2.26,2.42,-30.09,42.06,0.667770419426049,11.6059602649007,2.47,1.45,1.34,0.228,0.2,0.161,NA,NA,"","untreated_neg","good",NA,NA,30,13,19,NA,NA,NA,35,NA,NA,8,"",0.39725,0.0923076923076923,0.137931034482759,0.120149253731343,NA,0.116795993507265,38.7096774193548,1250.59,1282.49,31.9,"NF","#VALUE!",6380,0,"no"
162,12,12,0,NA,0,NA,0,NA,"","9/16/17","10/28/17",12,15,15,"",3.649,2.39,2.83,-29.26,42.33,0.775554946560702,11.6004384762949,1.44,4.04,4.28,0.162,0.367,0.41,NA,NA,"","untreated_plus","good",NA,NA,16,14,14,NA,NA,NA,9,NA,3,5,"",0.48475,0.1125,0.0908415841584158,0.0957943925233645,NA,0.0997119922272601,36.9623655913978,1285.6,1329.7,44.1,"3.291","4.93631634",8820,0.056,"no"
163,15,12,0.2,NA,3,NA,0,NA,"white fuzzy","9/16/17","10/28/17",21,55,49,"y",3.371,3.7,4.97,-28.36,44.66,1.4743399584693,13.2482942746959,5.2,3.84,6.44,0.841,0.588,1.011,NA,NA,"","treated_neg","good",NA,NA,45,22,41,NA,NA,NA,75,NA,NA,18,"yes",0.86,0.161730769230769,0.153125,0.156987577639752,NA,0.157281115623507,19.3548387096774,1305.69,1349.35,43.66,"2.236","3.35472435",8732,0.038,"yes"
164,17,17,0,NA,0,NA,0,NA,"","9/16/17","10/28/17",20,43,35,"",3.749,3.95,3.64,-30.41,42.55,0.970925580154708,11.3496932515337,2.41,5.18,4.09,0.289,0.608,0.437,NA,NA,"","untreated_neg","good",NA,NA,41,21,28,NA,NA,NA,42,NA,3,6,"",0.5835,0.119917012448133,0.117374517374517,0.106845965770171,NA,0.11471249853094,15.994623655914,1244.59,1282.73,38.14,"NF","#VALUE!",7628,0,"no"
165,NA,NA,NA,NA,NA,NA,NA,NA,NA,NA,NA,8,13,10,"",NA,NA,NA,NA,NA,NA,NA,3.58,5.25,5.02,0.338,0.507,0.508,NA,NA,"","untreated_plus","weak",NA,NA,11,9,11,NA,NA,NA,5,NA,1,NA,"",0.58825,0.094413407821229,0.0965714285714286,0.101195219123506,NA,0.0973933518387212,NA,NA,NA,NA,NA,NA,NA,NA,"no"
166,NA,NA,NA,NA,NA,NA,NA,NA,NA,NA,NA,10,12,10,"",NA,NA,NA,NA,NA,NA,NA,1.94,2.06,1.96,0.187,0.21,0.286,NA,NA,"","untreated_plus","good",NA,NA,12,13,10,NA,NA,NA,8,NA,NA,1,"",0.42075,0.0963917525773196,0.101941747572816,0.145918367346939,NA,0.114750622499025,NA,NA,NA,NA,NA,NA,NA,NA,"no"
167,11,7,0.363636364,NA,0,4,4,1,"brown fuzzy","9/16/17","10/28/17",6,11,9,"",3.723,1.73,2.34,-30.19,40.64,0.628525382755842,10.9159280150416,2.23,3.5,2.77,0.22,0.442,0.351,NA,NA,"","untreated_plus","good",NA,NA,12,11,11,NA,NA,NA,6,NA,NA,3,"",0.50325,0.0986547085201794,0.126285714285714,0.126714801444043,NA,0.117218408083312,45.8333333333333,1320.03,1341.39,21.36,"1.163","1.74460838",4272,0.041,"no"
168,13,13,0,NA,0,NA,0,NA,"","9/16/17","10/28/17",9,14,12,"",NA,NA,NA,NA,NA,NA,NA,1.52,2.58,2.46,0.167,0.264,0.241,NA,NA,"","treated_plus","good",NA,NA,14,10,11,NA,NA,NA,10,NA,2,4,"",0.418,0.109868421052632,0.102325581395349,0.0979674796747967,NA,0.103387160707592,NA,1285.69,1322.65,36.96,"NF","#VALUE!",7392,0,"no"
169,NA,NA,NA,NA,NA,NA,NA,NA,NA,NA,NA,10,8,6,"",NA,NA,NA,NA,NA,NA,NA,5.72,4.95,4.59,0.592,0.537,0.453,NA,NA,"","treated_plus","good",NA,NA,10,10,8,NA,NA,NA,6,NA,NA,NA,"",0.6455,0.103496503496503,0.108484848484848,0.0986928104575164,NA,0.103558054146289,NA,NA,NA,NA,NA,NA,NA,NA,"no"
169,NA,NA,NA,NA,NA,NA,NA,NA,NA,NA,NA,10,8,6,"",NA,NA,NA,NA,NA,NA,NA,4.06,3.38,3.45,0.435,0.279,0.439,NA,NA,"","treated_plus","good",NA,NA,10,10,8,NA,NA,NA,6,NA,NA,NA,"",0.53825,0.107142857142857,0.0825443786982249,0.127246376811594,NA,0.105644537550892,NA,NA,NA,NA,NA,NA,NA,NA,"no"
170,9,NA,NA,NA,NA,NA,NA,NA,NA,"","10/7/17",7,22,18,"",3.387,0.46,2.38,-29.69,42.41,0.702686743430765,12.5214053734869,1.72,1.19,1.55,0.226,0.168,0.173,NA,NA,"","treated_neg","good",NA,NA,20,10,17,NA,NA,NA,24,NA,4,NA,"",0.39175,0.131395348837209,0.141176470588235,0.111612903225806,NA,0.128061574217084,62.9032258064516,1305.62,1339.95,34.33,"NF","#VALUE!",6866,0,"no"
171,12,8,0.333333333,NA,0,4,4,2,"black sore contam","9/16/17","10/28/17",8,27,23,"",3.824,0.8,2.09,-29.59,40.67,0.546548117154812,10.635460251046,3.12,2.65,4.25,0.347,0.273,0.419,NA,NA,"","treated_plus","good",NA,NA,26,15,21,NA,NA,NA,22,NA,4,1,"",0.50975,0.111217948717949,0.103018867924528,0.0985882352941176,NA,0.104275017312198,58.3333333333333,1249.41,1291.9,42.49,"NF","#VALUE!",8498,0,"no"
172,NA,NA,NA,NA,NA,NA,NA,NA,NA,NA,NA,13,31,29,"",3.447,-2.06,5.21,-29.64,46.79,1.51145923991877,13.5741224252974,4.24,1.93,2.55,0.517,0.274,0.406,NA,NA,"","treated_plus","good",NA,NA,33,13,24,NA,NA,NA,51,NA,1,11,"",0.54925,0.121933962264151,0.141968911917098,0.15921568627451,NA,0.14103952015192,96.7741935483871,1240.69,1288.98,48.29,"NF","#VALUE!",9658,0,"no"
173,NA,NA,NA,NA,NA,NA,NA,NA,NA,NA,NA,18,20,18,"",NA,0.18,NA,-29.265,NA,0.70002440914872,12.0407675606696,3.35,2.67,2.24,0.352,0.36,0.248,NA,NA,"","treated_controlneg","good",NA,NA,18,20,14,NA,NA,NA,69,NA,5,NA,"",0.49,0.105074626865672,0.134831460674157,0.110714285714286,NA,0.116873457751372,66.6666666666667,1240.02,1291.99,51.97,"NF","#VALUE!",10394,0,"no"
174,NA,NA,NA,NA,NA,NA,NA,NA,NA,NA,NA,17,42,33,"y",NA,NA,NA,NA,NA,NA,NA,2.04,2.96,3.47,0.27,0.32,0.392,NA,NA,"","treated_neg","good",NA,NA,40,18,30,NA,NA,NA,41,NA,6,1,"",0.4955,0.132352941176471,0.108108108108108,0.112968299711816,NA,0.117809782998798,NA,NA,NA,NA,NA,NA,NA,NA,"no"
175,NA,NA,NA,NA,NA,NA,NA,NA,NA,NA,NA,13,15,14,"",3.218,0.71,3.3,-29.72,46.09,1.02548166563083,14.3225605966439,1.84,1.95,2.09,0.169,0.201,0.254,NA,NA,"","untreated_neg","good",NA,NA,15,14,13,NA,NA,NA,13,NA,NA,2,"",0.406,0.0918478260869565,0.103076923076923,0.121531100478469,NA,0.105485283214116,59.5430107526882,1285.85,1299.86,14.01,"NF","#VALUE!",2802,0,"no"
176,13,12,0.076923077,NA,0,1,1,1,"","9/16/17","10/28/17",7,10,9,"",3.33,1.31,1.74,-29.93,40.78,0.522522522522523,12.2462462462462,4.26,2.18,4.27,0.418,0.262,0.324,NA,NA,"","treated_neg","good",NA,NA,10,11,9,NA,NA,NA,3,NA,NA,1,"",0.501,0.0981220657276995,0.120183486238532,0.0758782201405152,NA,0.0980612573689156,51.4784946236559,1311.4,1352.98,41.58,"NF","#VALUE!",8316,0,"no"
177,10,10,0,NA,0,NA,0,NA,"","9/16/17","10/28/17",14,14,12,"",NA,1.34,NA,-31.59,NA,0.744905287189946,12.169108278474,3.83,4.31,4.03,0.395,0.536,0.439,NA,NA,"","untreated_neg","good",NA,NA,13,15,11,NA,NA,NA,8,NA,2,NA,"",0.5925,0.10313315926893,0.124361948955916,0.10893300248139,NA,0.112142703568745,51.0752688172043,1285.42,1325.59,40.17,"NF","#VALUE!",8034,0,"no"
178,9,0,1,NA,9,NA,0,NA,"fuzzy and slightly grayish","9/17/17","10/7/17",11,24,23,"y",2.852,0.27,3.85,-29.88,43.14,1.34992987377279,15.1262272089762,1.41,2.76,3.03,0.185,0.323,0.331,NA,NA,"","untreated_neg","good",NA,NA,18,10,14,NA,1,NA,13,NA,1,1,"",0.45975,0.131205673758865,0.117028985507246,0.109240924092409,NA,0.119158527786174,65.4569892473118,1311.83,1334.18,22.35,"2.568","3.85164540",4470,0.086,"yes"
179,NA,NA,NA,NA,NA,NA,NA,NA,NA,NA,NA,NA,NA,NA,"",NA,NA,NA,NA,NA,NA,NA,NA,NA,NA,NA,NA,NA,NA,NA,NA,"controlplus","dead",NA,NA,NA,NA,NA,NA,NA,NA,NA,NA,NA,NA,"",NA,NA,NA,NA,NA,NA,NA,NA,NA,NA,NA,NA,NA,NA,"no"
180,NA,NA,NA,NA,NA,NA,NA,NA,NA,NA,NA,4,2,2,"",NA,NA,NA,NA,NA,NA,NA,NA,NA,NA,NA,NA,NA,NA,NA,NA,"treated_plus","dontuse",NA,NA,2,3,2,NA,NA,NA,13,NA,1,1,"",NA,NA,NA,NA,NA,NA,NA,NA,NA,NA,NA,NA,NA,NA,"no"
181,NA,NA,NA,NA,NA,NA,NA,NA,NA,NA,NA,19,24,23,"",NA,NA,NA,NA,NA,NA,NA,2.26,2.73,5.82,0.208,0.299,0.156,0.28,0.058,"","treated_plus","good",NA,NA,25,17,18,NA,NA,NA,54,NA,NA,11,"",0.41575,0.0920353982300885,0.10952380952381,0.0268041237113402,0.207142857142857,0.108876547152024,NA,NA,NA,NA,NA,NA,NA,NA,"no"
182,9,NA,NA,NA,NA,NA,NA,1,"lots of contam","9/17/17","10/7/17",10,18,17,"",NA,NA,NA,NA,NA,NA,NA,2.31,2.51,2.1,0.324,0.382,0.33,NA,NA,"","untreated_plus","good",NA,NA,19,13,17,NA,NA,NA,21,NA,1,6,"",0.509,0.14025974025974,0.152191235059761,0.157142857142857,NA,0.149864610820786,NA,NA,NA,NA,NA,NA,NA,NA,"no"
183,NA,NA,NA,NA,NA,NA,NA,NA,NA,NA,NA,25,63,56,"y",3.57,1.86,6.16,-29.88,45.23,1.72549019607843,12.6694677871148,1.31,2.16,1.33,0.248,0.391,0.161,NA,NA,"","untreated_neg","good",NA,NA,55,21,54,NA,NA,NA,134,NA,3,30,"",0.45,0.189312977099237,0.181018518518519,0.121052631578947,NA,0.163794709065568,44.0860215053763,1306.88,1335.46,28.58,"NF","#VALUE!",5716,0,"no"
184,8,NA,NA,NA,NA,NA,NA,2,"lots of contam","9/17/17","10/7/17",6,18,14,"",2.96,1.55,4.02,-30.03,44.3,1.35810810810811,14.9662162162162,1.72,1.43,2.28,0.354,0.211,0.255,NA,NA,"","controlNeg","good",NA,NA,18,10,17,NA,NA,NA,9,NA,1,3,"",0.455,0.205813953488372,0.147552447552448,0.111842105263158,NA,0.155069502101326,48.252688172043,1241.14,1251.48,10.34,"NF","#VALUE!",2068,0,"no"
185,9,8,0.111111111,1,0,NA,1,1,"","9/17/17","10/28/17",26,65,55,"y",3.733,5.26,5.76,-29.06,45.76,1.54299491025984,12.2582373426199,4.83,6.84,3.2,0.746,0.865,0.542,NA,NA,"","treated_plus","good",NA,NA,69,28,59,NA,2,NA,128,NA,NA,41,"",0.78825,0.154451345755694,0.126461988304094,0.169375,NA,0.150096111353262,-1.61290322580645,1286.19,1335.49,49.3,"NF","#VALUE!",9860,0,"no"
186,9,8,0.111111111,1,0,NA,1,1,"","9/17/17","10/28/17",23,72,62,"y",3.459,-0.69,5.98,-28.1,47.47,1.72882335935241,13.7236195432206,3.47,4.63,4.47,0.469,0.509,0.552,NA,NA,"","untreated_neg","good",NA,NA,64,24,60,NA,NA,NA,144,NA,5,30,"",0.6325,0.135158501440922,0.109935205183585,0.123489932885906,NA,0.122861213170138,78.3602150537635,1234.62,1268.59,33.97,"NF","#VALUE!",6794,0,"no"
187,NA,NA,NA,NA,NA,NA,NA,NA,NA,NA,NA,6,6,6,"",NA,NA,NA,NA,NA,NA,NA,NA,NA,NA,NA,NA,NA,NA,NA,NA,"controlplus","weak",NA,NA,7,7,7,NA,NA,NA,2,NA,NA,NA,"",NA,NA,NA,NA,NA,NA,NA,NA,NA,NA,NA,NA,NA,NA,"no"
188,NA,NA,NA,NA,NA,NA,NA,NA,NA,NA,NA,NA,NA,NA,"",NA,NA,NA,NA,NA,NA,NA,NA,NA,NA,NA,NA,NA,NA,NA,NA,"controlplus","dead",NA,NA,NA,NA,NA,NA,NA,NA,NA,NA,NA,NA,"",NA,NA,NA,NA,NA,NA,NA,NA,NA,NA,NA,NA,NA,NA,"no"
189,9,9,0,NA,0,NA,0,NA,"some contam","9/17/17","10/28/17",12,39,30,"",3.775,-0.58,3.77,-30.8,44.33,0.998675496688742,11.7430463576159,2.5,2.56,2.08,0.266,0.331,0.233,NA,NA,"","treated_neg","good",NA,NA,39,15,24,NA,NA,NA,41,NA,NA,5,"",0.4575,0.1064,0.129296875,0.112019230769231,NA,0.115905368589744,76.8817204301075,1250.1,1296.46,46.36,"NF","#VALUE!",9272,0,"no"
190,NA,NA,NA,NA,NA,NA,NA,NA,NA,NA,NA,NA,NA,NA,"",NA,NA,NA,NA,NA,NA,NA,NA,NA,NA,NA,NA,NA,NA,NA,NA,"treated_controlplus","dead",NA,NA,NA,NA,NA,NA,NA,NA,NA,NA,NA,NA,"",NA,NA,NA,NA,NA,NA,NA,NA,NA,NA,NA,NA,NA,NA,"no"
191,9,9,0,NA,0,NA,0,NA,"some contam","9/17/17","10/28/17",10,26,24,"",3.748,0.71,2.71,-30.12,41.77,0.723052294557097,11.1446104589114,2.61,2.1,3.36,0.321,0.213,0.379,NA,NA,"","treated_plus","good",NA,NA,25,13,21,NA,NA,NA,26,NA,NA,3,"",0.47825,0.122988505747126,0.101428571428571,0.112797619047619,NA,0.112404898741106,59.5430107526882,1285.9,1337.57,51.67,"NF","#VALUE!",10334,0,"no"
192,13,13,0,NA,0,NA,0,NA,"","9/16/17","10/28/17",15,32,28,"y",4.063,2.31,2.59,-30.54,42.97,0.637460004922471,10.5759291164164,2.86,1.96,3.3,0.344,0.275,0.392,NA,NA,"","treated_plus","good",NA,NA,26,14,20,NA,NA,NA,21,NA,NA,3,"",0.50275,0.12027972027972,0.14030612244898,0.118787878787879,NA,0.126457907172193,38.0376344086022,1304.96,1350.28,45.32,"NF","#VALUE!",9064,0,"no"
193,NA,NA,NA,NA,NA,NA,NA,NA,NA,NA,NA,NA,NA,NA,"",NA,NA,NA,NA,NA,NA,NA,NA,NA,NA,NA,NA,NA,NA,NA,NA,"controlplus","dead",NA,NA,NA,NA,NA,NA,NA,NA,NA,NA,NA,NA,"",NA,NA,NA,NA,NA,NA,NA,NA,NA,NA,NA,NA,NA,NA,"no"
194,15,14,0.066666667,NA,0,NA,0,1,"","9/16/17","10/28/17",11,22,22,"",3.54,0.15,2.33,-30.43,40.96,0.65819209039548,11.5706214689266,1.89,2.34,2.18,0.254,0.261,0.265,NA,NA,"","untreated_neg","good",NA,NA,21,14,19,NA,NA,NA,23,NA,3,4,"",0.445,0.134391534391534,0.111538461538462,0.121559633027523,NA,0.12249654298584,67.0698924731183,1304.25,1351.09,46.84,"NF","#VALUE!",9368,0,"no"
195,8,NA,NA,NA,NA,NA,NA,NA,"black spore contam","9/17/17","10/11/17",10,13,13,"",NA,NA,NA,NA,NA,NA,NA,1.91,2.09,2.28,0.154,0.209,0.237,NA,NA,"","untreated_neg","good",NA,NA,14,10,10,NA,NA,NA,9,NA,1,NA,"",0.4,0.0806282722513089,0.1,0.103947368421053,NA,0.0948585468907872,NA,NA,NA,NA,NA,NA,NA,NA,"no"
196,NA,NA,NA,NA,NA,NA,NA,NA,NA,NA,NA,10,11,10,"",NA,NA,NA,NA,NA,NA,NA,6.2,7.72,3.61,0.81,0.754,0.46,NA,NA,"","treated_neg","good",NA,NA,13,10,13,NA,NA,NA,7,NA,1,NA,"",0.756,0.130645161290323,0.0976683937823834,0.127423822714681,NA,0.118579125929129,NA,NA,NA,NA,NA,NA,NA,NA,"no"
197,NA,NA,NA,NA,NA,NA,NA,NA,NA,NA,NA,20,37,35,"",3.526,-1.79,2.19,-29.68,43.66,0.621100397050482,12.3823028927964,2.2,3.59,3.6,0.166,0.366,0.343,NA,NA,"","untreated_neg","good",NA,NA,34,20,32,NA,1,NA,58,NA,5,6,"",0.46875,0.0754545454545455,0.101949860724234,0.0952777777777778,NA,0.0908940613188524,93.1451612903226,1234.07,1264.31,30.24,"NF","#VALUE!",6048,0,"no"
198,NA,NA,NA,NA,NA,NA,NA,NA,NA,NA,NA,5,7,6,"",NA,NA,NA,NA,NA,NA,NA,2.29,1.34,1.57,0.17,0.141,0.193,NA,NA,"","treated_plus","weak",NA,NA,9,7,9,NA,NA,NA,2,NA,1,1,"",0.376,0.074235807860262,0.105223880597015,0.122929936305732,NA,0.10079654158767,NA,NA,NA,NA,NA,NA,NA,NA,"no"
199,NA,NA,NA,NA,NA,NA,NA,NA,NA,NA,NA,10,13,11,"",3.423,2.4,3.14,-29.91,39.85,0.917323984808647,11.6418346479696,2.79,2.75,1.68,0.315,0.456,0.274,NA,NA,"","untreated_neg","good",NA,NA,11,12,10,NA,NA,NA,6,NA,NA,3,"",0.51125,0.112903225806452,0.165818181818182,0.163095238095238,NA,0.147272215239957,36.8279569892473,1304.17,1332.34,28.17,"NF","#VALUE!",5634,0,"no"
200,8,NA,NA,NA,NA,NA,NA,4,"lots of contam","9/17/17","10/7/17",10,14,14,"",NA,NA,NA,NA,NA,NA,NA,2.71,2.02,2.31,0.203,0.278,0.254,NA,NA,"","untreated_neg","good",NA,NA,16,13,9,NA,NA,NA,6,NA,NA,1,"",0.43375,0.0749077490774908,0.137623762376238,0.10995670995671,NA,0.107496073803479,NA,NA,NA,NA,NA,NA,NA,NA,"no"
201,17,17,0,NA,0,NA,0,NA,"","9/16/17","10/28/17",29,71,59,"y",4.092,-1.91,5.22,-28.31,45.72,1.27565982404692,11.1730205278592,3.31,2.9,3.08,0.427,0.319,0.454,NA,NA,"","untreated_neg","good",NA,NA,68,25,59,NA,5,NA,111,NA,6,35,"",0.55,0.129003021148036,0.11,0.147402597402597,NA,0.128801872850211,94.758064516129,1256.86,1310.78,53.92,"NF","#VALUE!",10784,0,"no"
202,NA,NA,NA,NA,NA,NA,NA,NA,NA,NA,NA,12,11,13,"",NA,NA,NA,NA,NA,NA,NA,3.5,3.38,4.13,0.393,0.364,0.572,NA,NA,"","treated_plus","good",NA,NA,16,7,13,NA,NA,NA,7,NA,3,NA,"",0.58225,0.112285714285714,0.107692307692308,0.138498789346247,NA,0.119492270441423,NA,NA,NA,NA,NA,NA,NA,NA,"no"
203,16,9,0.4375,2,0,NA,7,2,"5 yellow","9/16/17","10/7/17",8,17,17,"",3.595,0.87,2.64,-29.94,41.46,0.734353268428373,11.5326842837274,3.15,2.44,3.15,0.292,0.247,0.35,NA,NA,"","treated_neg","good",NA,NA,17,13,16,NA,NA,NA,15,NA,2,NA,"",0.47225,0.0926984126984127,0.101229508196721,0.111111111111111,NA,0.101679677335415,57.3924731182796,1245.09,1273.65,28.56,"NF","#VALUE!",5712,0,"no"
203,16,6,0.625,NA,0,10,10,2,"yellow slime, black spore contam","9/16/17","10/28/17",8,17,17,"",3.595,0.87,2.64,-29.94,41.46,0.734353268428373,11.5326842837274,3.15,2.44,3.15,0.292,0.247,0.35,NA,NA,"","treated_neg","good",NA,NA,17,13,16,NA,NA,NA,15,NA,2,NA,"",0.47225,0.0926984126984127,0.101229508196721,0.111111111111111,NA,0.101679677335415,57.3924731182796,1245.09,1273.65,28.56,"NF","#VALUE!",5712,0,"no"
204,9,6,0.333333333,1,0,2,3,2,"","9/17/17","10/7/17",12,25,19,"",2.879,1.92,2.48,-30.66,43.27,0.861410211879125,15.0295241403265,2.15,1.89,2.1,0.196,0.249,0.225,NA,NA,"","treated_plus","good",NA,NA,21,12,18,NA,NA,NA,24,NA,4,6,"",0.4175,0.0911627906976744,0.131746031746032,0.107142857142857,NA,0.110017226528854,43.2795698924731,1305.46,1349.14,43.68,"NF","#VALUE!",8736,0,"no"
205,NA,NA,NA,NA,NA,NA,NA,NA,NA,NA,NA,12,29,23,"",NA,NA,NA,NA,NA,NA,NA,1.71,1.99,2.85,0.234,0.244,0.301,NA,NA,"","treated_neg","good",NA,NA,29,13,23,NA,NA,NA,21,NA,NA,4,"",0.44475,0.136842105263158,0.122613065326633,0.105614035087719,NA,0.121689735225837,NA,NA,NA,NA,NA,NA,NA,NA,"no"
206,9,9,0,NA,0,NA,0,2,"some contam","9/17/17","10/28/17",11,27,20,"",3.737,-0.11,4.57,-29.42,47.13,1.22290607439122,12.6117206315226,3.31,3.67,1.84,0.453,0.469,0.233,NA,NA,"","treated_plus","good",NA,NA,27,10,20,NA,NA,NA,15,NA,NA,8,"",0.53875,0.136858006042296,0.127792915531335,0.126630434782609,NA,0.130427118785413,70.5645161290323,1303.46,1310.03,6.57,"NF","#VALUE!",1314,0,"no"
207,NA,NA,NA,NA,NA,NA,NA,NA,NA,NA,NA,10,12,11,"",NA,NA,NA,NA,NA,NA,NA,3.96,3.89,6.18,0.436,0.377,0.732,NA,NA,"","untreated_neg","weak",NA,NA,13,10,12,NA,NA,NA,4,NA,NA,1,"",0.63625,0.11010101010101,0.0969151670951157,0.118446601941748,NA,0.108487593045958,NA,NA,NA,NA,NA,NA,NA,NA,"no"
208,NA,NA,NA,NA,NA,NA,NA,NA,NA,NA,NA,7,6,5,"",NA,NA,NA,NA,NA,NA,NA,NA,NA,NA,NA,NA,NA,NA,NA,NA,"treated_controlneg","dontuse",NA,NA,9,9,5,NA,NA,NA,3,NA,NA,NA,"",NA,NA,NA,NA,NA,NA,NA,NA,NA,NA,NA,NA,NA,NA,"no"
209,13,13,0,NA,0,NA,0,NA,"","9/16/17","10/28/17",7,14,11,"",2.835,0.91,3.88,-29.97,42.5,1.36860670194004,14.9911816578483,1.7,2.3,2.14,0.241,0.2,0.234,NA,NA,"","untreated_plus","good",NA,NA,14,10,10,NA,NA,NA,5,NA,NA,NA,"",0.41875,0.141764705882353,0.0869565217391304,0.109345794392523,NA,0.112689007338002,56.8548387096774,1311.65,1324.84,13.19,"NF","#VALUE!",2638,0,"no"
210,NA,NA,NA,NA,NA,NA,NA,NA,NA,NA,NA,NA,NA,NA,"",NA,NA,NA,NA,NA,NA,NA,NA,NA,NA,NA,NA,NA,NA,NA,NA,"controlNeg","dead",NA,NA,NA,NA,NA,NA,NA,NA,NA,NA,NA,NA,"",NA,NA,NA,NA,NA,NA,NA,NA,NA,NA,NA,NA,NA,NA,"no"
211,NA,NA,NA,NA,NA,NA,NA,NA,NA,NA,NA,7,8,8,"",NA,NA,NA,NA,NA,NA,NA,3.67,2.66,3.83,0.342,0.45,0.522,NA,NA,"","untreated_neg","weak",NA,NA,10,11,10,NA,NA,NA,5,NA,NA,NA,"",0.5785,0.0931880108991826,0.169172932330827,0.136292428198433,NA,0.132884457142814,NA,NA,NA,NA,NA,NA,NA,NA,"no"
212,9,4,0.555555556,NA,1,2,2,1,"some contam","9/17/17","10/28/17",11,10,9,"",3.931,1.75,2.79,-30.58,43.39,0.709743067921648,11.0379038412618,4.96,2.48,2.38,0.645,0.279,0.273,NA,NA,"","untreated_plus","good",NA,NA,12,11,12,NA,NA,NA,6,NA,4,NA,"",0.54925,0.130040322580645,0.1125,0.114705882352941,NA,0.119082068311195,45.5645161290323,1285.14,1301.63,16.49,"NF","#VALUE!",3298,0,"no"
213,18,18,0,NA,0,NA,0,NA,"","9/16/17","10/28/17",16,44,36,"y",3.849,-1.36,3.82,-30.09,44.27,0.992465575474149,11.5016887503248,1.09,3,1.2,0.285,0.395,0.242,NA,NA,"","untreated_neg","good",NA,NA,43,14,36,NA,NA,NA,58,NA,2,32,"yes",0.4805,0.261467889908257,0.131666666666667,0.201666666666667,NA,0.198267074413863,87.3655913978495,1320.5,1359.01,38.51,"NF","#VALUE!",7702,0,"no"
214,NA,NA,NA,NA,NA,NA,NA,NA,NA,NA,NA,NA,NA,NA,"",3.383,-1.17,4.46,-30.39,46.66,1.31835648832397,13.7924918711203,NA,NA,NA,NA,NA,NA,NA,NA,NA,"treated_controlneg","dead",NA,NA,NA,NA,NA,NA,NA,NA,NA,NA,NA,NA,"",NA,NA,NA,NA,NA,NA,84.8118279569892,1240.77,1274.41,33.64,"2.609","3.91342035",6728,0.058,"no"
215,NA,NA,NA,NA,NA,NA,NA,NA,NA,NA,NA,6,6,5,"",NA,NA,NA,NA,NA,NA,NA,3.85,3.77,2.21,0.455,0.455,0.24,NA,NA,"","untreated_plus","dontuse",NA,NA,7,8,6,NA,NA,NA,3,NA,NA,NA,"",0.5375,0.118181818181818,0.120689655172414,0.108597285067873,NA,0.115822919474035,NA,NA,NA,NA,NA,NA,NA,NA,"no"
216,9,0,1,2,2,NA,9,2,"7 yellow","9/17/17","10/7/17",24,59,48,"y",NA,NA,NA,NA,NA,NA,NA,2.59,6.11,4.44,0.289,0.683,0.595,NA,NA,"","treated_plus","good",NA,NA,63,23,49,NA,8,NA,98,NA,8,14,"",0.64175,0.111583011583012,0.111783960720131,0.134009009009009,NA,0.119125327104051,NA,NA,NA,NA,NA,NA,NA,NA,"no"
217,NA,NA,NA,NA,NA,NA,NA,NA,NA,NA,NA,5,13,11,"",NA,NA,NA,NA,NA,NA,NA,NA,NA,NA,NA,NA,NA,NA,NA,NA,"treated_plus","weak",NA,NA,10,6,9,NA,NA,NA,5,NA,NA,NA,"",NA,NA,NA,NA,NA,NA,NA,NA,NA,NA,NA,NA,NA,NA,"no"
218,NA,NA,NA,NA,NA,NA,NA,NA,NA,NA,NA,9,17,12,"",NA,NA,NA,NA,NA,NA,NA,4.72,5.92,3.47,0.47,0.578,0.394,NA,NA,"","treated_plus","weak",NA,NA,15,10,13,NA,NA,NA,5,NA,2,NA,"",0.6105,0.0995762711864407,0.0976351351351351,0.113544668587896,NA,0.103585358303157,NA,NA,NA,NA,NA,NA,NA,NA,"no"
219,NA,NA,NA,NA,NA,NA,NA,NA,NA,NA,NA,21,57,51,"y",NA,-2.16,NA,-27.775,NA,1.22290606383398,12.8057339132836,3.49,3.75,4.5,0.465,0.473,0.609,NA,NA,"","untreated_neg","good",NA,NA,53,23,49,NA,1,NA,116,NA,NA,13,"",0.63675,0.13323782234957,0.126133333333333,0.135333333333333,NA,0.131568163005412,98.1182795698925,1285.94,1310.41,24.47,"NF","#VALUE!",4894,0,"no"
220,13,13,0,NA,0,NA,0,NA,"","9/16/17","10/28/17",10,16,11,"",3.068,1.43,2.82,-29.65,43.61,0.919165580182529,14.2144719687093,2.99,1.32,2.27,0.292,0.224,0.255,NA,NA,"","treated_neg","good",NA,NA,14,11,11,NA,NA,NA,7,NA,2,NA,"",0.44275,0.0976588628762542,0.16969696969697,0.112334801762115,NA,0.126563544778446,49.8655913978495,1234.2,1249.33,15.13,"NF","#VALUE!",3026,0,"no"
221,NA,NA,NA,NA,NA,NA,NA,NA,NA,NA,NA,5,5,5,"",NA,NA,NA,NA,NA,NA,NA,NA,NA,NA,NA,NA,NA,NA,NA,NA,"untreated_neg","dontuse",NA,NA,6,6,5,NA,NA,NA,0,NA,NA,NA,"",NA,NA,NA,NA,NA,NA,NA,NA,NA,NA,NA,NA,NA,NA,"no"
222,NA,NA,NA,NA,NA,NA,NA,NA,NA,NA,NA,10,15,12,"",3.503,1.85,3.13,-30.63,42.85,0.893519840137025,12.2323722523551,2.89,2.28,1.18,0.398,0.171,0.118,NA,NA,"","controlplus","good",NA,NA,13,11,11,NA,NA,NA,6,NA,2,NA,"",0.42175,0.137716262975779,0.075,0.1,NA,0.10423875432526,44.2204301075269,1250.5,1269.72,19.22,"NF","#VALUE!",3844,0,"no"
223,NA,NA,NA,NA,NA,NA,NA,NA,NA,NA,NA,NA,NA,NA,"",NA,NA,NA,NA,NA,NA,NA,NA,NA,NA,NA,NA,NA,NA,NA,NA,"treated_plus","dead",NA,NA,NA,NA,NA,NA,NA,NA,NA,NA,NA,NA,"",NA,NA,NA,NA,NA,NA,NA,NA,NA,NA,NA,NA,NA,NA,"no"
224,9,2,0.777777778,NA,0,7,7,2,"white fuzzy, yellow slime","9/17/17","10/28/17",10,18,15,"",NA,NA,NA,NA,NA,NA,NA,3.57,2.17,2.18,0.447,0.216,0.253,0.77,0.086,"","untreated_plus","good",NA,NA,16,12,15,NA,NA,NA,13,NA,NA,NA,"",0.479,0.125210084033613,0.0995391705069124,0.11605504587156,0.111688311688312,0.113123153025099,NA,NA,NA,NA,NA,NA,NA,NA,"no"
225,NA,NA,NA,NA,NA,NA,NA,NA,NA,NA,NA,NA,NA,NA,"",NA,NA,NA,NA,NA,NA,NA,NA,NA,NA,NA,NA,NA,NA,NA,NA,"untreated_plus","dead",NA,NA,NA,NA,NA,NA,NA,NA,NA,NA,NA,NA,"",NA,NA,NA,NA,NA,NA,NA,NA,NA,NA,NA,NA,NA,NA,"no"
226,NA,NA,NA,NA,NA,NA,NA,NA,NA,NA,NA,10,11,11,"",NA,NA,NA,NA,NA,NA,NA,NA,NA,NA,NA,NA,NA,NA,NA,NA,"treated_controlneg","weak",NA,NA,14,9,11,NA,NA,NA,5,NA,NA,2,"",NA,NA,NA,NA,NA,NA,NA,NA,NA,NA,NA,NA,NA,NA,"no"
227,13,13,0,NA,0,NA,0,NA,"","9/16/17","10/28/17",7,20,17,"",3.724,1.21,3.44,-29.68,46.17,0.923737916219119,12.3979591836735,1.65,1.43,1.95,0.204,0.151,0.227,NA,NA,"","untreated_plus","good",NA,NA,17,13,15,NA,NA,NA,14,NA,NA,5,"",0.3955,0.123636363636364,0.105594405594406,0.116410256410256,NA,0.115213675213675,52.8225806451613,1285.93,1292.82,6.89,"NF","#VALUE!",1378,0,"no"
228,NA,NA,NA,NA,NA,NA,NA,NA,NA,NA,NA,NA,NA,NA,"",NA,NA,NA,NA,NA,NA,NA,NA,NA,NA,NA,NA,NA,NA,NA,NA,"controlplus","dead",NA,NA,NA,NA,NA,NA,NA,NA,NA,NA,NA,NA,"",NA,NA,NA,NA,NA,NA,NA,NA,NA,NA,NA,NA,NA,NA,"no"
229,NA,NA,NA,NA,NA,NA,NA,NA,NA,NA,NA,NA,NA,NA,"",NA,NA,NA,NA,NA,NA,NA,NA,NA,NA,NA,NA,NA,NA,NA,NA,"treated_controlneg","dead",NA,NA,NA,NA,NA,NA,NA,NA,NA,NA,NA,NA,"",NA,NA,NA,NA,NA,NA,NA,NA,NA,NA,NA,NA,NA,NA,"no"
230,NA,NA,NA,NA,NA,NA,NA,NA,NA,NA,NA,4,7,7,"",NA,NA,NA,NA,NA,NA,NA,NA,NA,NA,NA,NA,NA,NA,NA,NA,"controlNeg","dontuse",NA,NA,8,5,6,NA,NA,NA,0,NA,NA,NA,"",NA,NA,NA,NA,NA,NA,NA,NA,NA,NA,NA,NA,NA,NA,"no"
231,10,2,0.8,NA,0,8,8,3,"yellow slime, black spore contam","9/16/17","10/28/17",10,26,24,"",3.017,0.24,2.42,-29.47,42.47,0.802121312562148,14.0768975803779,1.45,2.39,2.5,0.204,0.298,0.231,NA,NA,"","treated_neg","good",NA,NA,25,12,23,NA,NA,NA,45,NA,NA,13,"yes",0.43325,0.140689655172414,0.124686192468619,0.0924,NA,0.119258615880344,65.8602150537634,1249.44,1280.38,30.94,"NF","#VALUE!",6188,0,"no"
232,NA,NA,NA,NA,NA,NA,NA,NA,NA,NA,NA,9,14,9,"",NA,NA,NA,NA,NA,NA,NA,3.8,5.26,3.25,0.412,0.537,0.374,NA,NA,"","treated_controlneg","good",NA,NA,11,10,10,NA,NA,NA,4,NA,NA,1,"",0.58075,0.108421052631579,0.102091254752852,0.115076923076923,NA,0.108529743487118,NA,NA,NA,NA,NA,NA,NA,NA,"no"
233,NA,NA,NA,NA,NA,NA,NA,NA,NA,NA,NA,NA,NA,NA,"",NA,NA,NA,NA,NA,NA,NA,NA,NA,NA,NA,NA,NA,NA,NA,NA,"controlNeg","dead",NA,NA,NA,NA,NA,NA,NA,NA,NA,NA,NA,NA,"",NA,NA,NA,NA,NA,NA,NA,NA,NA,NA,NA,NA,NA,NA,"no"
234,NA,NA,NA,NA,NA,NA,NA,NA,NA,NA,NA,NA,NA,NA,"",NA,NA,NA,NA,NA,NA,NA,NA,NA,NA,NA,NA,NA,NA,NA,NA,"untreated_plus","dead",NA,NA,NA,NA,NA,NA,NA,NA,NA,NA,NA,NA,"",NA,NA,NA,NA,NA,NA,NA,NA,NA,NA,NA,NA,NA,NA,"no"
235,6,NA,NA,NA,NA,NA,NA,2,"black spores, also lots of green fungi","9/17/17","10/7/17",7,25,18,"",NA,NA,NA,NA,NA,NA,NA,3.58,3.5,3.75,0.381,0.502,0.404,NA,NA,"","untreated_plus","good",NA,NA,24,11,22,NA,NA,NA,20,NA,3,4,"",0.57175,0.106424581005587,0.143428571428571,0.107733333333333,NA,0.11919549525583,NA,NA,NA,NA,NA,NA,NA,NA,"no"
235,4,4,0,NA,0,NA,0,NA,"","9/16/17","10/28/17",7,25,18,"",NA,NA,NA,NA,NA,NA,NA,3.58,3.5,3.75,0.381,0.502,0.404,NA,NA,"","untreated_plus","good",NA,NA,24,11,22,NA,NA,NA,20,NA,3,4,"",0.57175,0.106424581005587,0.143428571428571,0.107733333333333,NA,0.11919549525583,NA,NA,NA,NA,NA,NA,NA,NA,"no"
236,NA,NA,NA,NA,NA,NA,NA,NA,NA,NA,NA,NA,NA,NA,"",NA,NA,NA,NA,NA,NA,NA,NA,NA,NA,NA,NA,NA,NA,NA,NA,"untreated_plus","dead",NA,NA,NA,NA,NA,NA,NA,NA,NA,NA,NA,NA,"",NA,NA,NA,NA,NA,NA,NA,NA,NA,NA,NA,NA,NA,NA,"no"
237,NA,NA,NA,NA,NA,NA,NA,NA,NA,NA,NA,NA,NA,NA,"",NA,NA,NA,NA,NA,NA,NA,NA,NA,NA,NA,NA,NA,NA,NA,NA,"treated_controlneg","dead",NA,NA,NA,NA,NA,NA,NA,NA,NA,NA,NA,NA,"",NA,NA,NA,NA,NA,NA,NA,NA,NA,NA,NA,NA,NA,NA,"no"
238,NA,NA,NA,NA,NA,NA,NA,NA,NA,NA,NA,7,7,6,"",NA,NA,NA,NA,NA,NA,NA,NA,NA,NA,NA,NA,NA,NA,NA,NA,"treated_plus","dontuse",NA,NA,12,6,7,NA,NA,NA,3,NA,NA,NA,"",NA,NA,NA,NA,NA,NA,NA,NA,NA,NA,NA,NA,NA,NA,"no"
239,8,NA,NA,NA,NA,NA,NA,NA,"","9/17/17","10/7/17",17,60,48,"y",3.57,-1.54,4.25,-29.65,44.05,1.19047619047619,12.3389355742297,5.12,3.92,4.22,0.717,0.396,0.56,NA,NA,"","treated_plus","good",NA,NA,71,20,42,NA,5,NA,92,NA,10,18,"",0.66825,0.1400390625,0.101020408163265,0.132701421800948,NA,0.124586964154738,89.7849462365591,1241.56,1290.91,49.35,"NF","#VALUE!",9870,0,"no"
240,8,4,0.5,3,0,1,4,2,"","9/17/17","10/7/17",11,21,19,"",2.927,0.96,2.53,-30.65,41.44,0.864366245302357,14.1578407926204,1.73,1.94,2.34,0.206,0.266,0.311,NA,NA,"","untreated_plus","good",NA,NA,20,12,19,NA,NA,NA,18,NA,NA,NA,"",0.44575,0.119075144508671,0.137113402061856,0.132905982905983,NA,0.12969817649217,56.1827956989247,1297.24,1331.59,34.35,"NF","#VALUE!",6870,0,"no"
241,NA,NA,NA,NA,NA,NA,NA,NA,NA,NA,NA,5,5,3,"",NA,NA,NA,NA,NA,NA,NA,NA,NA,NA,NA,NA,NA,NA,NA,NA,"untreated_plus","weak",NA,NA,5,5,4,NA,NA,NA,0,NA,NA,NA,"",NA,NA,NA,NA,NA,NA,NA,NA,NA,NA,NA,NA,NA,NA,"no"
242,NA,NA,NA,NA,NA,NA,NA,NA,NA,NA,NA,NA,NA,NA,"",NA,NA,NA,NA,NA,NA,NA,NA,NA,NA,NA,NA,NA,NA,NA,NA,"treated_controlplus","dead",NA,NA,NA,NA,NA,NA,NA,NA,NA,NA,NA,NA,"",NA,NA,NA,NA,NA,NA,NA,NA,NA,NA,NA,NA,NA,NA,"no"
243,NA,NA,NA,NA,NA,NA,NA,NA,NA,NA,NA,NA,NA,NA,"",NA,NA,NA,NA,NA,NA,NA,NA,NA,NA,NA,NA,NA,NA,NA,NA,"treated_controlneg","dead",NA,NA,NA,NA,NA,NA,NA,NA,NA,NA,NA,NA,"",NA,NA,NA,NA,NA,NA,NA,NA,NA,NA,NA,NA,NA,NA,"no"
244,NA,NA,NA,NA,NA,NA,NA,NA,NA,NA,NA,7,14,13,"",NA,NA,NA,NA,NA,NA,NA,2.43,3.96,2.91,0.164,0.441,0.265,4.64,0.41,"","untreated_plus","weak",NA,NA,13,7,12,NA,NA,NA,5,NA,1,NA,"",0.4675,0.0674897119341564,0.111363636363636,0.0910652920962199,0.0883620689655172,0.0895701773398825,NA,NA,NA,NA,NA,NA,NA,NA,"no"
245,NA,NA,NA,NA,NA,NA,NA,NA,NA,NA,NA,NA,NA,NA,"",NA,NA,NA,NA,NA,NA,NA,NA,NA,NA,NA,NA,NA,NA,NA,NA,"treated_controlneg","dead",NA,NA,NA,NA,NA,NA,NA,NA,NA,NA,NA,NA,"",NA,NA,NA,NA,NA,NA,NA,NA,NA,NA,NA,NA,NA,NA,"no"
246,NA,NA,NA,NA,NA,NA,NA,NA,NA,NA,NA,8,11,10,"",NA,NA,NA,NA,NA,NA,NA,5.11,1.4,1.22,0.58,0.252,0.229,NA,NA,"","treated_plus","weak",NA,NA,14,8,11,NA,NA,NA,5,NA,3,NA,"",0.51525,0.113502935420744,0.18,0.187704918032787,NA,0.160402617817844,NA,NA,NA,NA,NA,NA,NA,NA,"no"
247,NA,NA,NA,NA,NA,NA,NA,NA,NA,NA,NA,8,19,18,"",NA,NA,NA,NA,NA,NA,NA,1.81,3.07,3.89,0.211,0.405,0.339,NA,NA,"","untreated_plus","good",NA,NA,18,11,18,NA,NA,NA,16,NA,NA,4,"",0.48875,0.116574585635359,0.131921824104235,0.087146529562982,NA,0.111880979767525,NA,NA,NA,NA,NA,NA,NA,NA,"no"
248,22,8,0.636363636,2,14,NA,2,1,"","9/15/17","10/7/17",16,30,25,"",3.13,-1.93,5.09,-28.78,43.87,1.62619808306709,14.0159744408946,2.73,3.47,2.56,0.271,0.336,0.346,NA,NA,"","treated_plus","good",NA,NA,31,15,24,NA,NA,NA,36,NA,4,10,"",0.48825,0.0992673992673993,0.0968299711815562,0.13515625,NA,0.110417873482985,95.0268817204301,1298.17,1341.34,43.17,"2.107","3.15992641",8634,0.037,"no"
249,NA,NA,NA,NA,NA,NA,NA,NA,NA,NA,NA,8,11,11,"",NA,NA,NA,NA,NA,NA,NA,NA,NA,NA,NA,NA,NA,NA,NA,NA,"untreated_plus","dontuse",NA,NA,11,9,11,NA,NA,NA,3,NA,NA,1,"",NA,NA,NA,NA,NA,NA,NA,NA,NA,NA,NA,NA,NA,NA,"no"
250,NA,NA,NA,NA,NA,NA,NA,NA,NA,NA,NA,NA,NA,NA,"",NA,NA,NA,NA,NA,NA,NA,NA,NA,NA,NA,NA,NA,NA,NA,NA,"treated_controlneg","dead",NA,NA,NA,NA,NA,NA,NA,NA,NA,NA,NA,NA,"",NA,NA,NA,NA,NA,NA,NA,NA,NA,NA,NA,NA,NA,NA,"no"
251,8,5,0.375,3,0,NA,3,1,"","9/17/17","10/7/17",11,19,15,"",3.62,1.55,2.52,-30.6,42.09,0.696132596685083,11.6270718232044,1.61,1.73,2.29,0.177,0.175,0.279,NA,NA,"","untreated_neg","good",NA,NA,19,11,14,NA,NA,NA,9,NA,NA,3,"",0.40775,0.109937888198758,0.101156069364162,0.121834061135371,NA,0.110976006232764,48.252688172043,1312.59,1347.44,34.85,"NF","#VALUE!",6970,0,"no"
252,NA,NA,NA,NA,NA,NA,NA,NA,NA,NA,NA,6,9,8,"",NA,NA,NA,NA,NA,NA,NA,NA,NA,NA,NA,NA,NA,NA,NA,NA,"treated_neg","dontuse",NA,NA,9,9,8,NA,NA,NA,3,NA,1,NA,"",NA,NA,NA,NA,NA,NA,NA,NA,NA,NA,NA,NA,NA,NA,"no"
253,15,0,1,NA,15,NA,0,NA,"","9/16/17","10/7/17",11,19,18,"",3.977,0.33,3.3,-31.79,42.52,0.829771184309781,10.6914759869248,2.29,1.2,1.15,0.147,0.179,0.165,NA,NA,"","untreated_plus","good",NA,NA,16,13,14,NA,NA,NA,11,NA,NA,5,"",0.37275,0.0641921397379913,0.149166666666667,0.143478260869565,NA,0.118945689091408,64.6505376344086,1311.65,1320.88,9.23,"1.046","1.56913566",1846,0.085,"no"
254,9,NA,1,1,9,NA,1,NA,"","9/17/17","10/7/17",8,12,10,"",3.195,1.62,1.71,-30.33,41.53,0.535211267605634,12.9984350547731,NA,NA,NA,NA,NA,NA,NA,NA,NA,"untreated_plus","good",NA,NA,11,11,10,NA,NA,NA,4,NA,NA,NA,"",NA,NA,NA,NA,NA,NA,47.3118279569892,1305.35,1328.38,23.03,"2.516","3.77445551",4606,0.082,"no"
255,NA,NA,NA,NA,NA,NA,NA,NA,NA,NA,NA,11,11,8,"",NA,NA,NA,NA,NA,NA,NA,4.77,4.19,5.15,0.461,0.366,0.465,NA,NA,"","treated_neg","weak",NA,NA,15,8,14,NA,NA,NA,6,NA,1,NA,"",0.573,0.0966457023060797,0.0873508353221957,0.0902912621359223,NA,0.0914292665880659,NA,NA,NA,NA,NA,NA,NA,NA,"no"
256,NA,NA,NA,NA,NA,NA,NA,NA,NA,NA,NA,9,11,7,"",NA,NA,NA,NA,NA,NA,NA,NA,NA,NA,NA,NA,NA,NA,NA,NA,"treated_neg","weak",NA,NA,12,9,9,NA,NA,NA,4,NA,NA,1,"",NA,NA,NA,NA,NA,NA,NA,NA,NA,NA,NA,NA,NA,NA,"no"
257,NA,NA,NA,NA,NA,NA,NA,NA,NA,NA,NA,9,12,11,"",NA,NA,NA,NA,NA,NA,NA,3.12,2.23,2.32,0.424,0.249,0.353,NA,NA,"","untreated_plus","good",NA,NA,13,10,12,NA,NA,NA,5,NA,NA,4,"yes",0.5065,0.135897435897436,0.111659192825112,0.152155172413793,NA,0.133237267045447,NA,NA,NA,NA,NA,NA,NA,NA,"no"
258,16,0,1,2,0,NA,16,2,"14 yellow, sequenced the black spore fungus from this one","9/15/17","10/7/17",8,22,15,"",NA,0.51,NA,-30.535,NA,0.49227397574689,10.8997041824975,2.08,2.22,1.08,0.213,0.234,0.115,2.18,0.24,"","untreated_plus","good",NA,NA,22,10,12,NA,NA,NA,22,NA,2,4,"yes",0.3905,0.102403846153846,0.105405405405405,0.106481481481481,0.110091743119266,0.10609561904,62.2311827956989,1307.49,1353.83,46.34,"NF","#VALUE!",9268,0,"no"
259,NA,NA,NA,NA,NA,NA,NA,NA,NA,NA,NA,8,14,14,"",3.571,1.91,3.41,-29.86,42.53,0.95491458975077,11.9098291795015,4.11,5.22,8.77,0.44,0.526,0.559,NA,NA,"","treated_plus","good",NA,NA,16,9,14,NA,NA,NA,5,NA,1,15,"",0.63125,0.10705596107056,0.100766283524904,0.0637400228050171,NA,0.0905207558001603,43.4139784946236,1311.26,1328.36,17.1,"NF","#VALUE!",3420,0,"no"
260,20,20,0,NA,0,NA,0,NA,"","9/16/17","10/28/17",27,52,40,"y",3.49,-0.73,3.85,-30.36,47.27,1.10315186246418,13.5444126074499,2.47,3.8,4.37,0.321,0.385,0.468,NA,NA,"","treated_neg","good",NA,NA,45,26,42,NA,2,NA,54,NA,7,NA,"",0.5435,0.12995951417004,0.101315789473684,0.107093821510297,NA,0.112789708384674,78.8978494623656,1233.99,1277.07,43.08,"NF","#VALUE!",8616,0,"no"
261,NA,NA,NA,NA,NA,NA,NA,NA,NA,NA,NA,NA,NA,NA,"",NA,NA,NA,NA,NA,NA,NA,NA,NA,NA,NA,NA,NA,NA,NA,NA,"treated_controlneg","dead",NA,NA,NA,NA,NA,NA,NA,NA,NA,NA,NA,NA,"",NA,NA,NA,NA,NA,NA,NA,NA,NA,NA,NA,NA,NA,NA,"no"
262,NA,NA,NA,NA,NA,NA,NA,NA,NA,NA,NA,7,15,12,"",NA,NA,NA,NA,NA,NA,NA,NA,NA,NA,NA,NA,NA,NA,NA,NA,"untreated_plus","weak",NA,NA,13,8,11,NA,NA,NA,5,NA,3,NA,"",NA,NA,NA,NA,NA,NA,NA,NA,NA,NA,NA,NA,NA,NA,"no"
263,NA,NA,NA,NA,NA,NA,NA,NA,NA,NA,NA,8,5,5,"",NA,NA,NA,NA,NA,NA,NA,NA,NA,NA,NA,NA,NA,NA,NA,NA,"untreated_neg","dontuse",NA,NA,9,8,7,NA,NA,NA,3,NA,1,NA,"",NA,NA,NA,NA,NA,NA,NA,NA,NA,NA,NA,NA,NA,NA,"no"
264,NA,NA,NA,NA,NA,NA,NA,NA,NA,NA,NA,6,8,5,"",NA,NA,NA,NA,NA,NA,NA,NA,NA,NA,NA,NA,NA,NA,NA,NA,"untreated_neg","dontuse",NA,NA,10,5,6,NA,NA,NA,2,NA,NA,NA,"",NA,NA,NA,NA,NA,NA,NA,NA,NA,NA,NA,NA,NA,NA,"no"
265,NA,NA,NA,NA,NA,NA,NA,NA,NA,NA,NA,2,6,2,"",NA,NA,NA,NA,NA,NA,NA,NA,NA,NA,NA,NA,NA,NA,NA,NA,"untreated_plus","dontuse",NA,NA,5,4,4,NA,NA,NA,0,NA,NA,NA,"",NA,NA,NA,NA,NA,NA,NA,NA,NA,NA,NA,NA,NA,NA,"no"
266,NA,NA,NA,NA,NA,NA,NA,NA,NA,NA,NA,6,11,7,"",NA,NA,NA,NA,NA,NA,NA,NA,NA,NA,NA,NA,NA,NA,NA,NA,"untreated_plus","weak",NA,NA,9,8,8,NA,NA,NA,4,NA,4,NA,"",NA,NA,NA,NA,NA,NA,NA,NA,NA,NA,NA,NA,NA,NA,"no"
267,NA,NA,NA,NA,NA,NA,NA,NA,NA,NA,NA,NA,NA,NA,"",NA,NA,NA,NA,NA,NA,NA,NA,NA,NA,NA,NA,NA,NA,NA,NA,"untreated_plus","dead",NA,NA,NA,NA,NA,NA,NA,NA,NA,NA,NA,NA,"",NA,NA,NA,NA,NA,NA,NA,NA,NA,NA,NA,NA,NA,NA,"no"
268,NA,NA,NA,NA,NA,NA,NA,NA,NA,NA,NA,NA,NA,NA,"",NA,NA,NA,NA,NA,NA,NA,NA,NA,NA,NA,NA,NA,NA,NA,NA,"untreated_plus","dead",NA,NA,NA,NA,NA,NA,NA,NA,NA,NA,NA,NA,"",NA,NA,NA,NA,NA,NA,NA,NA,NA,NA,NA,NA,NA,NA,"no"
269,NA,NA,NA,NA,NA,NA,NA,NA,NA,NA,NA,12,15,11,"",NA,NA,NA,NA,NA,NA,NA,NA,NA,NA,NA,NA,NA,NA,NA,NA,"untreated_plus","good",NA,NA,15,13,14,NA,NA,NA,6,NA,3,NA,"",NA,NA,NA,NA,NA,NA,NA,NA,NA,NA,NA,NA,NA,NA,"no"
270,13,NA,NA,NA,NA,NA,NA,3,"black spores, also lots of green fungi","9/17/17","10/7/17",18,46,43,"y",3.486,1.52,4.78,-29.96,43.71,1.37119908204246,12.5387263339071,5.31,5.51,3.51,0.915,0.944,0.606,NA,NA,"","treated_plus","good",NA,NA,38,16,27,NA,NA,NA,35,NA,3,5,"",0.86625,0.172316384180791,0.171324863883848,0.172649572649573,NA,0.17209694023807,48.6559139784946,1234.17,1275.06,40.89,"3.822","5.73340594",8178,0.07,"no"
271,NA,NA,NA,NA,NA,NA,NA,NA,NA,NA,NA,13,19,16,"",3.43,-0.28,2.72,-31.15,41.26,0.793002915451895,12.0291545189504,1.29,2.22,2.34,0.18,0.257,0.101,NA,NA,"","treated_neg","good",NA,NA,15,13,13,NA,NA,NA,12,NA,1,NA,"",0.3845,0.13953488372093,0.115765765765766,0.0431623931623932,NA,0.0994876808830297,72.8494623655914,1250.11,1277.14,27.03,"NF","#VALUE!",5406,0,"no"
271,NA,NA,NA,NA,NA,NA,NA,NA,NA,NA,NA,13,19,16,"",3.408,-0.58,2.67,-31.09,40.34,0.783450704225352,11.8368544600939,1.29,2.22,2.34,0.18,0.257,0.101,NA,NA,"","treated_neg","good",NA,NA,15,13,13,NA,NA,NA,12,NA,1,NA,"",0.3845,0.13953488372093,0.115765765765766,0.0431623931623932,NA,0.0994876808830297,76.8817204301075,1250.11,1277.14,27.03,"NF","#VALUE!",5406,0,"no"
272,13,13,0,NA,0,NA,0,NA,"","9/16/17","10/28/17",6,14,13,"",3.513,1.4,3.15,-30.37,44.84,0.89666951323655,12.7640193566752,2.09,1.64,1.72,0.254,0.251,0.292,NA,NA,"","untreated_neg","good",NA,NA,15,10,13,NA,NA,NA,11,NA,1,NA,"",0.44925,0.121531100478469,0.153048780487805,0.169767441860465,NA,0.14811577427558,50.2688172043011,1249.9,1272.11,22.21,"NF","#VALUE!",4442,0,"no"
273,NA,NA,NA,NA,NA,NA,NA,NA,NA,NA,NA,9,14,14,"",NA,NA,NA,NA,NA,NA,NA,4.15,3.14,4.98,0.443,0.384,0.483,NA,NA,"","controlNeg","weak",NA,NA,17,10,15,NA,NA,NA,5,NA,2,NA,"",0.5775,0.106746987951807,0.122292993630573,0.0969879518072289,NA,0.108675977796536,NA,NA,NA,NA,NA,NA,NA,NA,"no"
274,NA,NA,NA,NA,NA,NA,NA,NA,NA,NA,NA,7,10,9,"",NA,NA,NA,NA,NA,NA,NA,NA,NA,NA,NA,NA,NA,NA,NA,NA,"untreated_neg","weak",NA,NA,12,7,10,NA,NA,NA,4,NA,NA,NA,"",NA,NA,NA,NA,NA,NA,NA,NA,NA,NA,NA,NA,NA,NA,"no"
275,NA,NA,NA,NA,NA,NA,NA,NA,NA,NA,NA,13,29,26,"",NA,NA,NA,NA,NA,NA,NA,NA,NA,NA,NA,NA,NA,NA,NA,NA,"treated_neg","good",NA,NA,NA,NA,NA,NA,NA,NA,NA,NA,NA,NA,"",NA,NA,NA,NA,NA,NA,NA,NA,NA,NA,NA,NA,NA,NA,"no"
276,17,8,0.529411765,1,0,9,10,3,"","9/16/17","10/28/17",20,59,49,"",3.519,-1.03,3.7,-28.59,44.98,1.05143506678034,12.7820403523728,4.99,3.44,NA,0.462,0.424,NA,NA,NA,"","treated_plus","good",NA,NA,54,21,39,NA,NA,NA,117,NA,13,18,"yes",NA,0.0925851703406814,0.123255813953488,NA,NA,0.107920492147085,82.9301075268817,1321.57,1361.79,40.22,"1.455","2.18226462",8044,0.027,"no"
277,NA,NA,NA,NA,NA,NA,NA,NA,NA,NA,NA,6,5,3,"",NA,NA,NA,NA,NA,NA,NA,NA,NA,NA,NA,NA,NA,NA,NA,NA,"treated_plus","dontuse",NA,NA,8,6,3,NA,NA,NA,0,NA,NA,NA,"",NA,NA,NA,NA,NA,NA,NA,NA,NA,NA,NA,NA,NA,NA,"no"
278,NA,NA,NA,NA,NA,NA,NA,NA,NA,NA,NA,9,11,10,"",NA,NA,NA,NA,NA,NA,NA,NA,NA,NA,NA,NA,NA,NA,NA,NA,"treated_neg","dontuse",NA,NA,9,10,9,NA,NA,NA,2,NA,NA,NA,"",NA,NA,NA,NA,NA,NA,NA,NA,NA,NA,NA,NA,NA,NA,"no"
279,NA,NA,NA,NA,NA,NA,NA,NA,NA,NA,NA,NA,NA,NA,"",NA,NA,NA,NA,NA,NA,NA,NA,NA,NA,NA,NA,NA,NA,NA,NA,"untreated_neg","dead",NA,NA,NA,NA,NA,NA,NA,NA,NA,NA,NA,NA,"",NA,NA,NA,NA,NA,NA,NA,NA,NA,NA,NA,NA,NA,NA,"no"
280,NA,NA,NA,NA,NA,NA,NA,NA,NA,NA,NA,NA,NA,NA,"",NA,NA,NA,NA,NA,NA,NA,NA,NA,NA,NA,NA,NA,NA,NA,NA,"treated_neg","dead",NA,NA,NA,NA,NA,NA,NA,NA,NA,NA,NA,NA,"",NA,NA,NA,NA,NA,NA,NA,NA,NA,NA,NA,NA,NA,NA,"no"
281,NA,NA,NA,NA,NA,NA,NA,NA,NA,NA,NA,9,7,7,"",NA,NA,NA,NA,NA,NA,NA,NA,NA,NA,NA,NA,NA,NA,NA,NA,"untreated_plus","good",NA,NA,9,10,9,NA,NA,NA,3,NA,1,NA,"",NA,NA,NA,NA,NA,NA,NA,NA,NA,NA,NA,NA,NA,NA,"no"
282,8,NA,NA,NA,NA,NA,NA,NA,NA,"","10/7/17",8,16,14,"",4.024,1.01,2.11,-30.35,42.74,0.524353876739563,10.6212723658052,1.71,1.25,1.18,0.196,0.184,0.123,NA,NA,"","treated_neg","good",NA,NA,15,10,14,NA,NA,NA,7,NA,2,NA,"",0.37575,0.114619883040936,0.1472,0.104237288135593,NA,0.122019057058843,55.510752688172,1245.18,1269.45,24.27,"NF","#VALUE!",4854,0,"no"
283,NA,NA,NA,NA,NA,NA,NA,NA,NA,NA,NA,NA,NA,NA,"",NA,NA,NA,NA,NA,NA,NA,NA,NA,NA,NA,NA,NA,NA,NA,NA,"untreated_neg","dead",NA,NA,NA,NA,NA,NA,NA,NA,NA,NA,NA,NA,"",NA,NA,NA,NA,NA,NA,NA,NA,NA,NA,NA,NA,NA,NA,"no"
284,NA,NA,NA,NA,NA,NA,NA,NA,NA,NA,NA,8,8,8,"",NA,NA,NA,NA,NA,NA,NA,NA,NA,NA,NA,NA,NA,NA,NA,NA,"treated_plus","dontuse",NA,NA,8,7,7,NA,NA,NA,1,NA,NA,NA,"",NA,NA,NA,NA,NA,NA,NA,NA,NA,NA,NA,NA,NA,NA,"no"
285,NA,NA,NA,NA,NA,NA,NA,NA,NA,NA,NA,NA,NA,NA,"",NA,NA,NA,NA,NA,NA,NA,NA,NA,NA,NA,NA,NA,NA,NA,NA,"controlNeg","dead",NA,NA,NA,NA,NA,NA,NA,NA,NA,NA,NA,NA,"",NA,NA,NA,NA,NA,NA,NA,NA,NA,NA,NA,NA,NA,NA,"no"
286,NA,NA,NA,NA,NA,NA,NA,NA,NA,NA,NA,NA,NA,NA,"",NA,NA,NA,NA,NA,NA,NA,NA,NA,NA,NA,NA,NA,NA,NA,NA,"untreated_neg","dead",NA,NA,NA,NA,NA,NA,NA,NA,NA,NA,NA,NA,"",NA,NA,NA,NA,NA,NA,NA,NA,NA,NA,NA,NA,NA,NA,"no"
287,15,8,0.466666667,NA,0,7,7,2,"","9/17/17","10/28/17",16,27,23,"",3.759,0.36,2.34,-31.08,42.78,0.622505985634477,11.3806863527534,1.9,3.5,2.42,0.267,0.465,0.276,NA,NA,"","treated_plus","good",NA,NA,25,14,22,NA,NA,NA,23,NA,NA,NA,"",0.502,0.140526315789474,0.132857142857143,0.11404958677686,NA,0.129144348474492,64.247311827957,1248.96,1305.36,56.4,"NF","#VALUE!",11280,0,"no"
288,14,14,0,NA,0,NA,0,NA,"","9/16/17","10/28/17",11,16,14,"",2.931,1.14,2.43,-30.14,45.92,0.82906857727738,15.6670078471511,5.16,3.14,4.55,0.464,0.345,0.383,NA,NA,"","treated_plus","good",NA,NA,14,13,12,NA,NA,NA,4,NA,1,NA,"",0.548,0.089922480620155,0.109872611464968,0.0841758241758242,NA,0.0946569720869825,53.7634408602151,1233.79,1284.27,50.48,"NF","#VALUE!",10096,0,"no"
289,NA,NA,NA,NA,NA,NA,NA,NA,NA,NA,NA,NA,NA,NA,"",NA,NA,NA,NA,NA,NA,NA,NA,NA,NA,NA,NA,NA,NA,NA,NA,"untreated_neg","dead",NA,NA,NA,NA,NA,NA,NA,NA,NA,NA,NA,NA,"",NA,NA,NA,NA,NA,NA,NA,NA,NA,NA,NA,NA,NA,NA,"no"
290,NA,NA,NA,NA,NA,NA,NA,NA,NA,NA,NA,NA,NA,NA,"",NA,NA,NA,NA,NA,NA,NA,NA,NA,NA,NA,NA,NA,NA,NA,NA,"treated_plus","dead",NA,NA,NA,NA,NA,NA,NA,NA,NA,NA,NA,NA,"",NA,NA,NA,NA,NA,NA,NA,NA,NA,NA,NA,NA,NA,NA,"no"
291,NA,NA,NA,NA,NA,NA,NA,NA,NA,NA,NA,7,13,11,"",NA,NA,NA,NA,NA,NA,NA,NA,NA,NA,NA,NA,NA,NA,NA,NA,"controlNeg","weak",NA,NA,14,6,13,NA,NA,NA,4,NA,2,NA,"",NA,NA,NA,NA,NA,NA,NA,NA,NA,NA,NA,NA,NA,NA,"no"
292,NA,NA,NA,NA,NA,NA,NA,NA,NA,NA,NA,NA,NA,NA,"",NA,NA,NA,NA,NA,NA,NA,NA,NA,NA,NA,NA,NA,NA,NA,NA,"untreated_neg","dead",NA,NA,NA,NA,NA,NA,NA,NA,NA,NA,NA,NA,"",NA,NA,NA,NA,NA,NA,NA,NA,NA,NA,NA,NA,NA,NA,"no"
293,NA,NA,NA,NA,NA,NA,NA,NA,NA,NA,NA,NA,NA,NA,"",NA,NA,NA,NA,NA,NA,NA,NA,NA,NA,NA,NA,NA,NA,NA,NA,"treated_plus","dead",NA,NA,NA,NA,NA,NA,NA,NA,NA,NA,NA,NA,"",NA,NA,NA,NA,NA,NA,NA,NA,NA,NA,NA,NA,NA,NA,"no"
294,12,0,1,NA,11,NA,0,NA,"","9/16/17","10/7/17",12,26,24,"y",NA,NA,NA,NA,NA,NA,NA,1.87,2.17,1.93,0.232,0.219,0.293,NA,NA,"","untreated_plus","good",NA,NA,22,14,22,NA,NA,NA,27,NA,6,NA,"",0.436,0.124064171122995,0.100921658986175,0.151813471502591,NA,0.12559976720392,NA,NA,NA,NA,NA,NA,NA,NA,"no"
295,NA,NA,NA,NA,NA,NA,NA,NA,NA,NA,NA,7,10,7,"",NA,NA,NA,NA,NA,NA,NA,NA,NA,NA,NA,NA,NA,NA,NA,NA,"treated_plus","dontuse",NA,NA,12,6,7,NA,NA,NA,4,NA,3,NA,"",NA,NA,NA,NA,NA,NA,NA,NA,NA,NA,NA,NA,NA,NA,"no"
296,NA,NA,NA,NA,NA,NA,NA,NA,NA,NA,NA,6,7,6,"",NA,NA,NA,NA,NA,NA,NA,NA,NA,NA,NA,NA,NA,NA,NA,NA,"treated_neg","dontuse",NA,NA,9,8,7,NA,NA,NA,4,NA,NA,NA,"",NA,NA,NA,NA,NA,NA,NA,NA,NA,NA,NA,NA,NA,NA,"no"
297,NA,NA,NA,NA,NA,NA,NA,NA,NA,NA,NA,7,16,10,"",NA,NA,NA,NA,NA,NA,NA,NA,NA,NA,NA,NA,NA,NA,NA,NA,"untreated_neg","weak",NA,NA,13,10,13,NA,NA,NA,6,NA,2,NA,"",NA,NA,NA,NA,NA,NA,NA,NA,NA,NA,NA,NA,NA,NA,"no"
298,NA,NA,NA,NA,NA,NA,NA,NA,NA,NA,NA,8,6,5,"",NA,NA,NA,NA,NA,NA,NA,NA,NA,NA,NA,NA,NA,NA,NA,NA,"treated_plus","dontuse",NA,NA,8,8,7,NA,NA,NA,2,NA,NA,NA,"",NA,NA,NA,NA,NA,NA,NA,NA,NA,NA,NA,NA,NA,NA,"no"
299,NA,NA,NA,NA,NA,NA,NA,NA,NA,NA,NA,NA,NA,NA,"",NA,NA,NA,NA,NA,NA,NA,NA,NA,NA,NA,NA,NA,NA,NA,NA,"untreated_plus","dead",NA,NA,NA,NA,NA,NA,NA,NA,NA,NA,NA,NA,"",NA,NA,NA,NA,NA,NA,NA,NA,NA,NA,NA,NA,NA,NA,"no"
300,NA,NA,NA,NA,NA,NA,NA,NA,NA,NA,NA,NA,NA,NA,"",NA,NA,NA,NA,NA,NA,NA,NA,NA,NA,NA,NA,NA,NA,NA,NA,"treated_plus","dead",NA,NA,NA,NA,NA,NA,NA,NA,NA,NA,NA,NA,"",NA,NA,NA,NA,NA,NA,NA,NA,NA,NA,NA,NA,NA,NA,"no"
